,Adj Close,Close,High,Low,Open,Volume
2008-01-02,26.99,37.9,38.14,37.38,38.02,4584600.0
2008-01-03,26.43,37.11,38.2,36.78,38.03,3811200.0
2008-01-04,25.34,35.58,36.99,35.41,36.66,6448500.0
2008-01-07,25.75,36.15,36.27,34.92,35.87,6685500.0
2008-01-08,24.51,34.41,36.48,34.26,36.37,6946500.0
2008-01-09,24.21,33.99,34.93,33.18,34.32,10011600.0
2008-01-10,25.16,35.32,35.87,33.17,33.67,6967200.0
2008-01-11,24.22,34.0,35.15,33.66,34.83,7614000.0
2008-01-14,24.1,33.83,34.44,33.59,34.21,4925700.0
2008-01-15,23.28,32.69,33.52,32.14,33.34,8213700.0
2008-01-16,22.39,31.44,33.0,31.34,32.53,10097700.0
2008-01-17,20.99,29.47,31.31,29.41,31.27,15749400.0
2008-01-18,21.5,30.18,30.47,29.39,29.82,11879700.0
2008-01-22,21.43,30.09,30.78,28.33,28.67,9746700.0
2008-01-23,22.32,31.34,31.39,29.59,29.6,11303700.0
2008-01-24,23.48,32.97,33.47,31.5,31.5,10784700.0
2008-01-25,23.36,32.8,34.33,32.67,33.5,11354400.0
2008-01-28,23.79,33.4,33.43,32.12,32.9,4602600.0
2008-01-29,24.02,33.72,33.81,32.81,33.55,4526400.0
2008-01-30,24.0,33.69,34.55,33.24,33.56,7166700.0
2008-01-31,24.71,34.7,35.0,32.91,33.07,7045200.0
2008-02-01,25.32,35.55,35.58,34.79,34.96,4550400.0
2008-02-04,24.9,34.97,35.5,34.76,35.42,2520000.0
2008-02-05,23.58,33.11,34.21,33.07,33.95,5038200.0
2008-02-06,23.11,32.45,33.8,32.39,33.08,4087200.0
2008-02-07,23.63,33.18,33.62,32.07,32.34,3672000.0
2008-02-08,23.19,32.56,33.0,32.37,32.84,4072800.0
2008-02-11,23.12,32.46,32.69,31.73,32.52,6257100.0
2008-02-12,23.07,32.39,33.09,32.05,32.6,4573500.0
2008-02-13,23.54,33.05,33.18,32.21,32.39,5290500.0
2008-02-14,23.13,32.47,33.18,32.35,33.05,3803400.0
2008-02-15,23.01,32.31,32.45,31.68,32.26,3866100.0
2008-02-19,22.98,32.26,33.16,32.08,32.71,5051100.0
2008-02-20,23.18,32.54,32.64,31.58,32.04,5714100.0
2008-02-21,22.8,32.01,32.91,31.93,32.59,3602100.0
2008-02-22,23.06,32.38,32.38,31.31,32.08,5267100.0
2008-02-25,23.6,33.13,33.22,32.0,32.34,5064900.0
2008-02-26,23.93,33.59,34.08,32.83,32.92,4562100.0
2008-02-27,24.32,34.14,34.74,33.2,33.31,4730700.0
2008-02-28,23.51,33.01,33.85,32.89,33.79,4159200.0
2008-02-29,22.4,31.46,32.72,31.35,32.71,5505300.0
2008-03-03,22.34,31.37,31.62,31.06,31.36,6922200.0
2008-03-04,22.31,31.32,31.45,30.59,31.05,6128100.0
2008-03-05,22.41,31.46,31.93,31.14,31.68,6419400.0
2008-03-06,21.41,30.07,31.32,30.04,31.16,5119500.0
2008-03-07,21.3,29.91,30.82,29.37,29.76,5259900.0
2008-03-10,20.71,29.07,30.3,29.06,29.84,6859800.0
2008-03-11,22.43,31.49,31.54,29.84,30.5,8400000.0
2008-03-12,22.14,31.08,32.2,30.95,31.42,5838600.0
2008-03-13,22.16,31.11,31.5,29.85,30.59,7630200.0
2008-03-14,21.47,30.15,31.5,29.64,31.24,6617400.0
2008-03-17,21.24,29.82,30.28,27.76,27.76,8133600.0
2008-03-18,22.73,31.91,31.93,30.39,30.45,9124800.0
2008-03-19,22.11,31.04,32.51,30.99,32.42,5459100.0
2008-03-20,23.54,33.05,33.1,31.01,31.2,6835800.0
2008-03-24,24.38,34.23,35.0,32.92,33.24,6957300.0
2008-03-25,24.67,34.64,35.24,33.99,34.19,5304000.0
2008-03-26,23.89,33.48,34.26,33.06,34.26,6247200.0
2008-03-27,23.66,33.15,34.03,33.06,33.81,6100200.0
2008-03-28,22.51,31.54,33.33,31.53,33.09,5794200.0
2008-03-31,23.07,32.33,32.8,31.23,31.52,5216700.0
2008-04-01,24.88,34.86,34.86,32.79,32.9,5208300.0
2008-04-02,24.46,34.27,35.07,34.09,34.82,4756200.0
2008-04-03,24.59,34.46,35.1,33.83,34.13,3541500.0
2008-04-04,24.08,33.74,34.5,33.63,34.38,2958000.0
2008-04-07,24.14,33.83,34.56,33.62,34.01,4172400.0
2008-04-08,24.74,34.67,35.07,34.09,34.22,5401800.0
2008-04-09,23.69,33.19,34.85,33.19,34.85,5235900.0
2008-04-10,23.99,33.62,34.12,33.04,33.26,5425800.0
2008-04-11,23.26,32.6,33.49,32.55,33.12,5143500.0
2008-04-14,22.89,32.08,32.73,32.05,32.36,3708600.0
2008-04-15,23.33,32.7,32.76,32.18,32.32,3741900.0
2008-04-16,24.59,34.46,34.53,32.98,33.04,4761900.0
2008-04-17,24.32,34.09,34.59,33.56,34.31,5602500.0
2008-04-18,23.78,33.32,34.55,33.17,34.17,8769000.0
2008-04-21,23.36,32.73,33.28,32.52,33.09,6319500.0
2008-04-22,22.56,31.61,32.71,31.49,32.6,7464600.0
2008-04-23,22.78,31.92,32.25,31.35,31.59,7824000.0
2008-04-24,22.33,31.29,31.51,30.4,31.0,11263500.0
2008-04-25,22.27,31.21,31.31,30.41,31.01,6983700.0
2008-04-28,22.83,31.99,32.17,31.23,31.27,8046000.0
2008-04-29,22.91,32.1,32.21,31.54,32.01,5956800.0
2008-04-30,22.63,31.72,32.41,31.57,32.2,6638400.0
2008-05-01,23.9,33.49,33.49,31.64,31.84,7718100.0
2008-05-02,24.22,33.95,34.33,33.23,33.63,6397500.0
2008-05-05,23.91,33.5,34.07,33.1,33.65,4732200.0
2008-05-06,24.26,34.0,34.13,32.62,33.05,5037000.0
2008-05-07,23.31,32.67,33.79,32.66,33.77,6030000.0
2008-05-08,23.19,32.49,32.94,32.23,32.73,4329000.0
2008-05-09,23.77,33.31,34.25,32.27,32.42,5836800.0
2008-05-12,24.38,34.16,34.32,33.26,33.4,3056700.0
2008-05-13,24.34,34.11,34.58,33.86,34.33,3504600.0
2008-05-14,24.32,34.08,34.63,33.92,34.25,5449500.0
2008-05-15,24.67,34.57,34.58,33.95,34.06,3448200.0
2008-05-16,24.54,34.39,34.54,34.0,34.54,3338700.0
2008-05-19,24.69,34.59,35.1,34.22,34.47,3924000.0
2008-05-20,24.18,33.88,34.08,33.56,34.06,4442400.0
2008-05-21,23.69,33.19,34.1,33.18,33.87,5943900.0
2008-05-22,23.64,33.13,33.65,32.87,33.18,5860200.0
2008-05-23,23.26,32.59,33.01,32.58,32.91,4366800.0
2008-05-27,23.43,32.83,33.03,32.5,32.61,3754800.0
2008-05-28,23.47,32.89,33.0,32.2,32.93,5598600.0
2008-05-29,23.52,32.96,33.57,32.35,32.87,6652500.0
2008-05-30,24.08,33.74,34.16,33.21,33.34,6465900.0
2008-06-02,23.84,33.41,33.92,33.05,33.74,4742700.0
2008-06-03,24.11,33.78,34.08,33.08,33.45,4510800.0
2008-06-04,24.29,34.04,34.35,33.52,33.67,4936200.0
2008-06-05,25.1,35.17,35.19,34.06,34.17,4875000.0
2008-06-06,23.7,33.21,34.78,33.1,34.58,6175800.0
2008-06-09,23.71,33.22,33.75,32.8,33.55,4989000.0
2008-06-10,24.29,34.03,34.48,32.33,32.77,5682000.0
2008-06-11,23.31,32.66,34.11,32.64,33.75,5995200.0
2008-06-12,24.5,34.33,34.97,33.55,33.59,7335300.0
2008-06-13,25.4,35.59,35.65,34.21,34.77,4464300.0
2008-06-16,25.49,35.71,35.93,34.85,35.33,3194100.0
2008-06-17,24.5,34.33,36.0,34.28,35.88,4018500.0
2008-06-18,24.45,34.26,34.58,33.75,33.96,4658700.0
2008-06-19,24.75,34.68,34.76,33.71,34.26,6032100.0
2008-06-20,23.89,33.47,34.45,33.14,34.44,9132000.0
2008-06-23,23.68,33.19,33.66,32.68,33.66,5575200.0
2008-06-24,23.54,32.99,33.66,32.76,33.21,7840200.0
2008-06-25,23.15,32.43,33.43,32.34,33.25,7753500.0
2008-06-26,22.64,31.66,32.24,31.56,32.13,7415100.0
2008-06-27,22.83,31.92,32.13,31.41,31.71,9197400.0
2008-06-30,21.85,30.55,31.94,30.41,31.91,10921500.0
2008-07-01,22.48,31.44,31.55,30.03,30.21,12333900.0
2008-07-02,21.66,30.28,31.54,30.28,31.54,7683900.0
2008-07-03,21.72,30.38,30.76,30.21,30.63,4595100.0
2008-07-07,21.22,29.68,30.71,29.29,30.48,8271600.0
2008-07-08,22.12,30.93,31.16,29.12,29.5,7457100.0
2008-07-09,20.86,29.17,31.26,29.11,31.03,7251000.0
2008-07-10,21.38,29.9,29.98,28.46,28.99,9323700.0
2008-07-11,21.07,29.47,30.42,28.79,29.49,9105900.0
2008-07-14,20.1,28.11,30.06,28.1,29.88,5868000.0
2008-07-15,19.79,27.67,28.77,27.22,27.85,9733200.0
2008-07-16,21.11,29.52,29.59,27.32,28.07,10928400.0
2008-07-17,22.12,30.93,31.06,29.62,29.74,7777500.0
2008-07-18,22.09,30.89,31.03,29.37,30.89,8201700.0
2008-07-21,21.57,30.16,31.17,29.99,31.08,4028100.0
2008-07-22,23.21,32.46,32.51,29.24,29.27,6616800.0
2008-07-23,23.83,33.32,33.55,31.74,32.34,12113400.0
2008-07-24,22.69,31.73,34.21,31.53,32.61,7441800.0
2008-07-25,22.92,32.05,32.41,30.75,32.03,5316900.0
2008-07-28,22.65,31.67,32.11,30.81,31.67,7673400.0
2008-07-29,23.7,33.14,33.18,31.68,31.68,7106700.0
2008-07-30,23.89,33.4,34.16,32.45,33.37,6371100.0
2008-07-31,23.98,33.54,33.99,32.71,32.71,4897800.0
2008-08-01,23.93,33.46,33.67,32.79,33.46,4941900.0
2008-08-04,23.96,33.5,34.0,32.78,33.12,3603000.0
2008-08-05,25.31,35.4,35.52,33.84,33.84,6039600.0
2008-08-06,24.89,34.81,35.39,34.35,35.39,4627500.0
2008-08-07,23.88,33.39,34.35,33.04,34.35,4601100.0
2008-08-08,24.91,34.83,35.08,33.3,33.42,3665700.0
2008-08-11,25.43,35.57,36.33,34.19,34.5,3474600.0
2008-08-12,24.36,34.06,35.15,33.8,34.52,5040600.0
2008-08-13,23.83,33.32,33.97,32.76,33.8,5220600.0
2008-08-14,24.44,34.18,34.32,32.92,32.97,3054300.0
2008-08-15,25.14,35.16,36.06,34.91,35.03,5608800.0
2008-08-18,24.24,33.9,35.25,33.79,35.23,4861200.0
2008-08-19,23.57,32.97,33.65,32.7,33.64,3713400.0
2008-08-20,23.72,33.17,33.5,32.4,33.03,4554000.0
2008-08-21,23.75,33.22,33.42,32.45,32.59,2869800.0
2008-08-22,24.31,34.0,34.0,33.3,33.6,2484000.0
2008-08-25,23.83,33.32,33.88,33.3,33.81,3153600.0
2008-08-26,23.85,33.36,33.53,32.8,33.23,2277300.0
2008-08-27,24.31,33.99,34.04,33.08,33.1,2260800.0
2008-08-28,25.25,35.3,35.32,34.21,34.24,3419100.0
2008-08-29,24.91,34.83,35.25,34.57,34.85,2103000.0
2008-09-02,25.08,35.07,35.87,34.49,35.0,3182400.0
2008-09-03,25.21,35.26,35.33,34.51,34.93,3080400.0
2008-09-04,24.21,33.85,35.49,33.75,35.0,4811400.0
2008-09-05,24.0,33.56,33.62,32.59,33.33,6909600.0
2008-09-08,24.99,34.94,35.59,33.58,35.0,10313400.0
2008-09-09,23.31,32.59,34.97,32.55,34.6,8696700.0
2008-09-10,23.08,32.27,32.82,31.7,32.31,10762800.0
2008-09-11,22.85,31.96,32.03,30.72,31.21,10230000.0
2008-09-12,22.82,31.92,32.37,31.35,31.45,4862100.0
2008-09-15,21.29,29.77,31.87,29.77,30.4,9818100.0
2008-09-16,22.59,31.59,31.67,28.34,29.34,10699200.0
2008-09-17,21.31,29.8,31.16,29.0,30.66,12232800.0
2008-09-18,22.26,31.12,31.29,27.12,29.34,15837600.0
2008-09-19,25.74,36.0,36.0,32.56,35.42,125700.0
2008-09-22,23.07,32.26,36.33,31.54,35.18,6008400.0
2008-09-23,22.84,31.94,32.66,31.67,32.25,2520600.0
2008-09-24,22.64,31.67,32.74,31.35,31.99,3381300.0
2008-09-25,22.86,31.96,32.48,31.68,32.07,2482200.0
2008-09-26,23.55,32.93,33.27,30.51,31.76,3037200.0
2008-09-29,19.97,27.93,33.5,27.93,33.41,6473700.0
2008-09-30,21.01,29.38,31.3,28.5,28.5,4499100.0
2008-10-01,21.91,30.64,31.84,28.23,28.99,4009800.0
2008-10-02,21.0,29.3,30.83,29.18,30.75,2923800.0
2008-10-03,19.75,27.55,30.83,27.55,30.45,4013400.0
2008-10-06,18.34,25.59,29.0,24.92,27.37,6801300.0
2008-10-07,16.72,23.34,25.8,23.34,25.7,7638900.0
2008-10-08,15.8,22.05,24.59,22.04,22.5,8169300.0
2008-10-09,14.43,20.14,23.13,20.14,22.09,9022200.0
2008-10-10,15.53,21.67,22.18,17.69,19.48,11130900.0
2008-10-13,17.91,24.99,25.14,22.15,23.3,6568200.0
2008-10-14,17.46,24.37,26.59,23.95,25.14,8273400.0
2008-10-15,15.24,21.26,24.33,21.16,23.83,8753100.0
2008-10-16,15.05,21.0,21.63,18.92,21.49,9955500.0
2008-10-17,16.02,22.35,23.35,20.0,20.33,8498100.0
2008-10-20,16.77,23.4,23.46,21.88,21.88,3774300.0
2008-10-21,16.08,22.44,23.65,22.21,22.71,3460200.0
2008-10-22,14.82,20.68,21.67,20.08,21.67,6894600.0
2008-10-23,13.32,18.58,21.28,17.06,21.28,10138500.0
2008-10-24,13.25,18.49,18.93,16.43,17.98,7634100.0
2008-10-27,12.91,18.02,19.51,18.0,18.55,4947000.0
2008-10-28,14.99,20.92,21.09,17.99,18.79,7113000.0
2008-10-29,14.82,20.68,21.56,20.18,20.88,4947300.0
2008-10-30,15.45,21.56,22.01,20.74,21.4,4079400.0
2008-10-31,16.24,22.67,22.79,20.69,21.33,5853000.0
2008-11-03,16.4,22.89,23.24,22.45,22.52,3157800.0
2008-11-04,17.4,24.28,24.33,23.22,23.44,5139900.0
2008-11-05,15.99,22.31,24.15,22.23,23.85,3981900.0
2008-11-06,14.56,20.31,22.24,20.07,22.09,5731800.0
2008-11-07,15.39,21.47,21.51,20.22,20.51,3556500.0
2008-11-10,14.88,20.76,21.93,20.35,21.77,4129200.0
2008-11-11,13.49,18.82,20.0,18.34,19.87,8615100.0
2008-11-12,12.67,17.67,18.87,17.67,18.48,6823800.0
2008-11-13,14.21,19.83,19.84,16.79,17.87,7507500.0
2008-11-14,13.0,18.14,20.17,18.09,19.41,3984000.0
2008-11-17,12.22,17.05,18.2,17.0,17.45,5512800.0
2008-11-18,12.87,17.96,18.07,17.01,17.06,6367800.0
2008-11-19,12.18,16.99,17.95,16.72,17.8,8512800.0
2008-11-20,11.8,16.47,18.36,16.19,16.8,13295100.0
2008-11-21,12.45,17.37,17.52,15.17,17.13,10429200.0
2008-11-24,13.95,19.47,19.84,17.06,17.75,8499000.0
2008-11-25,13.9,19.4,20.07,18.12,20.02,6686700.0
2008-11-26,14.34,20.01,20.05,18.82,18.9,5472000.0
2008-11-28,14.51,20.25,20.5,19.79,19.97,1889700.0
2008-12-01,12.3,17.16,19.71,16.92,19.71,6439800.0
2008-12-02,13.16,18.36,18.47,16.78,17.3,6510300.0
2008-12-03,14.1,19.68,19.77,17.46,17.75,5872500.0
2008-12-04,13.83,19.29,20.45,18.93,19.19,5151300.0
2008-12-05,14.77,20.6,20.71,18.14,18.95,4728900.0
2008-12-08,15.66,21.85,22.12,20.79,21.07,4687200.0
2008-12-09,14.81,20.66,21.63,20.49,20.96,4364400.0
2008-12-10,14.96,20.87,21.0,20.06,20.84,3218100.0
2008-12-11,14.09,19.67,21.6,19.52,20.48,4280100.0
2008-12-12,14.17,19.77,20.23,19.15,19.5,4649100.0
2008-12-15,14.0,19.53,20.15,19.1,19.99,3085200.0
2008-12-16,15.06,21.01,21.2,19.5,19.89,6762600.0
2008-12-17,15.42,21.52,22.08,20.53,20.53,4906200.0
2008-12-18,14.6,20.37,21.75,20.12,21.41,4137000.0
2008-12-19,14.99,20.91,21.25,19.98,20.55,5178300.0
2008-12-22,14.54,20.29,20.92,19.97,20.87,3229800.0
2008-12-23,14.42,20.12,21.0,20.04,20.46,2830800.0
2008-12-24,14.5,20.23,20.38,19.88,20.19,1407300.0
2008-12-26,14.25,19.88,20.79,19.59,20.35,2186400.0
2008-12-29,14.26,19.83,19.92,19.28,19.83,2750700.0
2008-12-30,15.2,21.14,21.14,19.73,19.88,3806400.0
2008-12-31,15.29,21.26,21.55,20.82,21.09,4855800.0
2009-01-02,15.97,22.2,22.42,20.63,21.29,3931800.0
2009-01-05,16.03,22.28,22.52,21.58,21.85,4899000.0
2009-01-06,16.78,23.34,23.61,22.17,22.57,4869300.0
2009-01-07,15.47,21.52,22.98,21.37,22.74,6019500.0
2009-01-08,15.52,21.59,21.68,20.67,21.29,4111800.0
2009-01-09,14.89,20.7,21.75,20.6,21.72,4535700.0
2009-01-12,14.27,19.85,20.7,19.68,20.63,4543200.0
2009-01-13,14.54,20.21,20.7,19.57,19.58,4953900.0
2009-01-14,13.3,18.49,19.91,18.23,19.72,10110600.0
2009-01-15,12.7,17.66,18.64,17.31,18.64,10665900.0
2009-01-16,13.14,18.27,18.47,17.14,18.16,10809300.0
2009-01-20,12.08,16.8,18.19,16.69,17.98,11468100.0
2009-01-21,12.94,17.99,18.12,16.6,17.17,11784600.0
2009-01-22,12.37,17.2,17.96,16.73,17.39,6380100.0
2009-01-23,12.55,17.45,17.68,16.43,16.76,7580100.0
2009-01-26,12.19,16.95,17.88,16.7,17.87,6540000.0
2009-01-27,12.66,17.6,17.66,17.0,17.15,7773600.0
2009-01-28,13.04,18.13,18.4,16.77,16.78,12002100.0
2009-01-29,11.82,16.43,18.02,16.42,17.74,7364700.0
2009-01-30,11.61,16.14,16.87,15.92,16.81,8898600.0
2009-02-02,11.88,16.52,16.63,15.67,15.79,7318800.0
2009-02-03,12.2,16.96,17.08,16.34,16.65,8914800.0
2009-02-04,12.43,17.29,17.58,16.88,17.06,7960800.0
2009-02-05,12.89,17.92,18.25,16.97,17.17,5215500.0
2009-02-06,13.54,18.83,18.96,17.97,17.97,6067800.0
2009-02-09,13.4,18.63,18.84,18.12,18.69,3945900.0
2009-02-10,12.43,17.28,18.63,17.09,18.41,9367500.0
2009-02-11,12.87,17.9,17.93,17.15,17.3,6002700.0
2009-02-12,13.05,18.15,18.23,17.22,17.4,7192800.0
2009-02-13,13.26,18.44,18.75,17.98,18.08,7679400.0
2009-02-17,12.12,16.85,17.83,16.82,17.73,11375700.0
2009-02-18,12.15,16.89,17.49,16.46,17.08,7044600.0
2009-02-19,11.96,16.62,18.08,16.5,17.4,7423800.0
2009-02-20,12.17,16.93,17.34,16.2,16.31,10450200.0
2009-02-23,11.17,15.53,17.08,15.49,16.99,9459000.0
2009-02-24,12.23,17.0,17.01,15.5,15.5,8748000.0
2009-02-25,12.03,16.73,17.25,16.16,16.8,7578000.0
2009-02-26,11.75,16.34,17.17,16.14,17.11,7306500.0
2009-02-27,10.98,15.27,16.33,15.24,16.33,10995300.0
2009-03-02,10.34,14.38,15.26,14.15,14.81,10373400.0
2009-03-03,10.47,14.55,15.09,14.26,14.66,10464900.0
2009-03-04,10.67,14.83,15.22,14.31,14.78,9401700.0
2009-03-05,9.45,13.14,14.29,12.92,14.06,12598500.0
2009-03-06,9.27,12.89,13.48,12.43,13.3,12270900.0
2009-03-09,9.47,13.16,13.33,12.37,12.7,10282800.0
2009-03-10,10.58,14.72,14.76,13.46,13.5,13198200.0
2009-03-11,10.73,14.92,15.21,14.12,14.6,12883800.0
2009-03-12,11.72,16.29,16.41,14.5,14.84,14342700.0
2009-03-13,11.76,16.35,16.43,15.79,16.29,11152200.0
2009-03-16,11.12,15.46,16.67,15.43,16.33,10970700.0
2009-03-17,11.38,15.82,15.83,14.91,15.44,11628000.0
2009-03-18,11.99,16.67,16.71,15.26,15.62,13135800.0
2009-03-19,11.31,15.73,17.0,15.62,16.82,9763800.0
2009-03-20,11.29,15.7,16.24,15.49,15.82,10214400.0
2009-03-23,12.95,18.0,18.01,15.14,16.14,11295900.0
2009-03-24,12.2,16.96,18.24,16.96,17.48,9787500.0
2009-03-25,12.91,17.95,18.1,16.85,17.21,10745100.0
2009-03-26,13.37,18.59,18.7,17.75,18.07,9391500.0
2009-03-27,13.04,18.07,18.66,17.88,18.5,7314000.0
2009-03-30,12.31,17.05,17.78,16.95,17.32,7388100.0
2009-03-31,12.96,17.96,18.18,17.11,17.27,7966800.0
2009-04-01,13.14,18.2,18.55,17.64,17.65,8087100.0
2009-04-02,14.23,19.72,19.92,18.64,18.64,11500800.0
2009-04-03,14.47,20.04,20.06,19.15,19.63,7709100.0
2009-04-06,14.24,19.73,19.87,19.42,19.64,5660100.0
2009-04-07,13.62,18.86,19.37,18.86,19.25,5375400.0
2009-04-08,13.72,19.0,19.09,18.42,18.43,6978900.0
2009-04-09,14.85,20.57,20.59,19.41,19.9,11157900.0
2009-04-13,14.8,20.5,20.75,19.96,20.22,7205700.0
2009-04-14,14.25,19.74,20.56,19.73,20.05,9511500.0
2009-04-15,14.82,20.52,20.63,19.19,19.24,6849000.0
2009-04-16,14.69,20.35,20.72,19.96,20.36,8137800.0
2009-04-17,14.66,20.31,20.57,19.98,20.36,6875700.0
2009-04-20,13.88,19.23,19.91,19.12,19.61,8435700.0
2009-04-21,14.73,20.4,20.43,18.58,18.65,9807300.0
2009-04-22,14.62,20.25,21.15,19.67,19.99,9149700.0
2009-04-23,14.95,20.71,20.91,19.94,20.4,9830100.0
2009-04-24,14.84,20.55,20.88,20.0,20.51,9087000.0
2009-04-27,14.57,20.19,20.55,20.03,20.13,8398800.0
2009-04-28,14.03,19.44,20.07,19.19,19.8,8421900.0
2009-04-29,14.45,20.01,20.13,19.5,19.67,7178100.0
2009-04-30,14.55,20.16,20.67,19.98,20.22,5853900.0
2009-05-01,14.69,20.35,20.39,19.91,20.08,4020000.0
2009-05-04,15.31,21.21,21.29,20.2,20.59,7656300.0
2009-05-05,14.87,20.6,21.16,20.55,20.99,5430900.0
2009-05-06,15.06,20.86,20.99,20.21,20.6,9116100.0
2009-05-07,14.62,20.25,21.25,20.12,21.18,6240300.0
2009-05-08,15.68,21.72,21.74,20.32,20.56,7427100.0
2009-05-11,14.9,20.64,21.47,20.56,21.38,8503800.0
2009-05-12,15.03,20.81,21.24,20.52,20.77,7947600.0
2009-05-13,14.41,19.96,21.06,19.85,20.73,7653300.0
2009-05-14,14.57,20.18,20.41,19.69,19.92,6519000.0
2009-05-15,14.46,20.03,20.37,19.78,20.12,5890500.0
2009-05-18,15.6,21.61,21.71,20.35,20.46,7287900.0
2009-05-19,15.21,21.06,21.65,20.99,21.28,4499700.0
2009-05-20,14.84,20.56,21.62,20.45,21.43,5676600.0
2009-05-21,14.69,20.34,20.49,19.99,20.24,4225200.0
2009-05-22,14.9,20.64,20.96,20.29,20.39,4168200.0
2009-05-26,15.5,21.47,21.53,20.43,20.47,6564600.0
2009-05-27,14.93,20.68,21.53,20.61,21.47,5835000.0
2009-05-28,15.51,21.48,21.49,20.99,21.0,7072500.0
2009-05-29,16.09,22.28,22.31,21.3,21.63,5164500.0
2009-06-01,17.13,23.73,23.99,22.38,22.65,10611000.0
2009-06-02,17.39,24.09,24.4,23.47,23.63,6561000.0
2009-06-03,17.18,23.79,24.31,23.58,23.92,5840400.0
2009-06-04,17.64,24.43,24.49,23.99,24.11,7906200.0
2009-06-05,17.95,24.86,25.2,24.46,24.74,6908100.0
2009-06-08,17.88,24.77,24.99,24.4,24.53,3996300.0
2009-06-09,18.46,25.57,25.62,24.84,24.96,5524500.0
2009-06-10,18.46,25.58,25.87,25.18,25.66,5502000.0
2009-06-11,18.38,25.46,25.82,25.36,25.45,4947300.0
2009-06-12,18.29,25.33,25.63,24.88,25.53,3181800.0
2009-06-15,17.89,24.78,25.25,24.47,25.09,4000800.0
2009-06-16,17.29,23.95,24.9,23.82,24.9,5479800.0
2009-06-17,17.16,23.78,24.22,23.63,23.7,5328000.0
2009-06-18,17.34,24.02,24.23,23.79,23.93,4672500.0
2009-06-19,17.66,24.46,24.53,24.1,24.23,4654800.0
2009-06-22,16.6,22.99,24.31,22.97,24.11,5861100.0
2009-06-23,16.86,23.35,23.66,23.0,23.08,4545300.0
2009-06-24,17.23,23.87,24.24,22.78,22.78,5714400.0
2009-06-25,17.09,23.67,24.08,23.52,23.69,6126000.0
2009-06-26,17.34,23.95,24.04,23.66,23.66,3668100.0
2009-06-29,17.39,24.02,24.08,23.73,24.06,2217300.0
2009-06-30,17.38,24.0,24.13,23.76,23.96,3921000.0
2009-07-01,17.41,24.05,24.31,23.99,24.09,2991900.0
2009-07-02,16.83,23.25,24.05,23.25,23.7,4236900.0
2009-07-06,16.73,23.11,23.57,22.83,23.52,6444900.0
2009-07-07,16.18,22.35,23.24,22.33,22.98,4250700.0
2009-07-08,15.99,22.09,22.65,21.83,22.42,5433000.0
2009-07-09,15.95,22.03,22.51,21.91,22.36,5564700.0
2009-07-10,15.97,22.06,22.23,21.89,21.92,3079800.0
2009-07-13,16.69,23.05,23.05,22.01,22.4,6088200.0
2009-07-14,16.89,23.32,23.4,22.87,23.1,4853700.0
2009-07-15,17.36,23.98,24.16,23.37,23.4,5742300.0
2009-07-16,17.49,24.15,24.27,23.58,23.86,3177000.0
2009-07-17,17.51,24.19,24.29,23.71,24.12,2727600.0
2009-07-20,17.83,24.63,24.69,24.26,24.28,4298100.0
2009-07-21,18.3,25.27,26.08,24.85,24.85,8406600.0
2009-07-22,18.5,25.55,25.64,24.73,24.93,4892700.0
2009-07-23,19.54,26.98,27.16,25.35,25.82,7375800.0
2009-07-24,19.45,26.86,27.0,26.13,26.74,3088200.0
2009-07-27,19.67,27.17,27.18,26.61,26.81,6301200.0
2009-07-28,19.44,26.84,27.08,26.58,26.98,4432500.0
2009-07-29,19.41,26.81,26.89,26.61,26.61,4193400.0
2009-07-30,21.12,29.17,29.54,27.26,27.41,10485300.0
2009-07-31,21.4,29.56,29.59,28.84,29.11,6220200.0
2009-08-03,22.12,30.55,30.93,29.92,30.0,8315700.0
2009-08-04,22.27,30.76,30.92,30.32,30.39,3755700.0
2009-08-05,22.27,30.75,31.0,30.34,30.74,5606100.0
2009-08-06,22.25,30.73,31.16,30.39,31.05,4439700.0
2009-08-07,22.78,31.46,31.82,30.67,31.08,4746600.0
2009-08-10,22.24,30.71,31.46,30.53,31.38,3356700.0
2009-08-11,22.35,30.87,31.16,30.48,30.48,6285600.0
2009-08-12,22.73,31.4,31.66,30.57,30.66,4902900.0
2009-08-13,23.0,31.76,31.83,31.32,31.59,4591200.0
2009-08-14,22.82,31.52,31.8,31.13,31.79,5140800.0
2009-08-17,21.78,30.09,31.13,29.96,30.92,7047900.0
2009-08-18,22.4,30.93,31.12,30.21,30.21,6666300.0
2009-08-19,22.23,30.7,30.97,30.45,30.5,3123000.0
2009-08-20,22.55,31.14,31.2,30.67,30.78,4494600.0
2009-08-21,22.82,31.52,31.67,31.04,31.4,5751000.0
2009-08-24,22.49,31.07,31.84,31.02,31.65,3796800.0
2009-08-25,22.97,31.73,31.98,31.21,31.25,4464000.0
2009-08-26,22.56,31.15,31.68,30.98,31.51,4793700.0
2009-08-27,22.44,30.99,31.31,30.69,31.22,2911800.0
2009-08-28,22.62,31.24,31.56,30.99,31.26,3037500.0
2009-08-31,22.52,31.11,31.14,30.63,30.91,2764200.0
2009-09-01,21.84,30.17,31.37,30.1,31.09,4431900.0
2009-09-02,21.91,30.26,30.46,29.84,30.06,3493800.0
2009-09-03,22.53,31.11,31.26,30.77,31.0,4644900.0
2009-09-04,22.6,31.22,31.26,30.84,31.15,3246900.0
2009-09-08,23.08,31.87,31.9,31.49,31.5,3721500.0
2009-09-09,23.55,32.53,32.57,31.74,31.97,4809300.0
2009-09-10,23.61,32.61,32.62,31.92,32.42,3816900.0
2009-09-11,23.6,32.6,32.74,32.33,32.61,3985800.0
2009-09-14,24.01,33.16,33.21,32.17,32.5,3189600.0
2009-09-15,24.0,33.15,33.28,32.81,33.03,4322400.0
2009-09-16,24.68,34.09,34.14,33.1,33.2,6576900.0
2009-09-17,24.43,33.75,34.11,33.48,33.91,4502100.0
2009-09-18,24.97,34.49,34.68,33.86,33.89,5361600.0
2009-09-21,24.51,33.85,34.28,33.76,34.19,2427000.0
2009-09-22,24.66,34.06,34.32,33.91,34.07,3167700.0
2009-09-23,24.38,33.67,34.65,33.67,34.01,4270500.0
2009-09-24,24.12,33.32,33.99,32.72,33.99,4804200.0
2009-09-25,23.94,33.07,33.29,32.59,32.88,6222900.0
2009-09-28,24.6,33.97,34.01,33.05,33.14,3056400.0
2009-09-29,24.44,33.75,34.18,33.67,33.98,2924700.0
2009-09-30,24.28,33.53,34.06,33.1,33.8,5316600.0
2009-10-01,23.5,32.39,33.61,32.36,33.47,5538900.0
2009-10-02,23.75,32.74,33.14,31.95,32.07,5218800.0
2009-10-05,24.44,33.69,33.72,32.68,32.95,3532500.0
2009-10-06,24.86,34.26,34.48,33.8,33.89,3763500.0
2009-10-07,24.9,34.32,34.35,33.9,34.11,2347500.0
2009-10-08,25.05,34.52,34.91,34.48,34.61,3823500.0
2009-10-09,25.74,35.48,35.51,34.48,34.48,4051200.0
2009-10-12,25.56,35.23,35.87,34.99,35.65,2247600.0
2009-10-13,25.32,34.9,35.3,34.75,35.11,2895900.0
2009-10-14,26.36,36.33,36.39,35.37,35.38,3461400.0
2009-10-15,26.86,37.03,37.23,36.01,36.1,4928100.0
2009-10-16,26.62,36.69,36.87,36.4,36.75,6117000.0
2009-10-19,27.09,37.34,37.4,36.51,36.75,5182800.0
2009-10-20,27.59,38.02,38.27,37.2,37.2,6188100.0
2009-10-21,27.1,37.35,38.35,37.26,37.79,4834500.0
2009-10-22,27.15,37.41,37.51,36.76,37.41,5067600.0
2009-10-23,27.31,37.64,38.1,37.34,37.55,4043700.0
2009-10-26,27.33,37.67,38.8,37.62,37.87,7767000.0
2009-10-27,26.36,36.33,38.28,35.14,38.27,13527000.0
2009-10-28,25.27,34.82,36.43,34.64,35.74,7518000.0
2009-10-29,26.01,35.85,35.95,34.94,35.56,6978600.0
2009-10-30,25.3,34.88,36.08,34.77,35.77,5318400.0
2009-11-02,25.74,35.48,35.5,34.58,35.08,5039400.0
2009-11-03,25.82,35.59,35.77,34.86,35.0,3214800.0
2009-11-04,25.92,35.73,36.47,35.65,35.8,4282500.0
2009-11-05,26.84,37.0,37.06,35.99,36.1,4059900.0
2009-11-06,26.66,36.74,37.18,36.51,36.57,2750700.0
2009-11-09,27.55,37.97,37.99,36.67,36.92,3299700.0
2009-11-10,27.47,37.86,38.24,37.66,37.93,3407700.0
2009-11-11,27.82,38.34,38.72,38.09,38.17,2784600.0
2009-11-12,27.55,37.97,38.54,37.92,38.29,3567900.0
2009-11-13,27.28,37.6,38.16,37.3,38.16,4232400.0
2009-11-16,27.61,38.06,38.35,37.77,37.82,5652600.0
2009-11-17,27.96,38.53,38.79,37.87,37.87,3568500.0
2009-11-18,27.97,38.55,38.62,38.17,38.5,2298900.0
2009-11-19,27.31,37.64,38.33,37.49,38.32,2782200.0
2009-11-20,26.93,37.12,37.57,36.98,37.57,2443800.0
2009-11-23,27.37,37.72,38.0,37.49,37.63,1959000.0
2009-11-24,27.0,37.21,37.83,37.0,37.83,2705100.0
2009-11-25,27.2,37.49,37.49,37.11,37.21,1662000.0
2009-11-27,26.35,36.32,36.78,36.26,36.58,2288400.0
2009-11-30,26.13,36.01,36.03,35.13,35.73,5891700.0
2009-12-01,26.22,36.13,36.49,35.87,36.39,4832700.0
2009-12-02,26.37,36.35,36.61,36.03,36.04,2833200.0
2009-12-03,26.11,35.98,36.79,35.86,36.43,2957400.0
2009-12-04,26.33,36.29,36.75,35.64,36.38,4716000.0
2009-12-07,25.89,35.68,36.47,35.66,36.12,2757000.0
2009-12-08,25.78,35.53,35.78,35.15,35.61,2963700.0
2009-12-09,26.15,36.04,36.19,35.23,35.51,2286900.0
2009-12-10,26.34,36.31,37.01,36.02,36.18,4440300.0
2009-12-11,26.11,35.99,36.67,35.87,36.31,3228300.0
2009-12-14,25.96,35.78,36.32,35.67,36.16,5024100.0
2009-12-15,25.22,34.76,35.76,34.69,35.44,4927200.0
2009-12-16,25.44,35.06,35.25,34.23,34.49,4834200.0
2009-12-17,25.02,34.48,34.88,34.45,34.75,4895400.0
2009-12-18,25.15,34.66,34.83,34.48,34.63,4366800.0
2009-12-21,25.88,35.67,35.72,34.76,35.11,6781200.0
2009-12-22,25.88,35.67,36.0,35.54,35.67,3395400.0
2009-12-23,26.12,35.0,35.22,34.74,34.76,2867700.0
2009-12-24,26.23,35.14,35.28,34.75,35.18,1298100.0
2009-12-28,26.41,35.38,35.47,35.0,35.28,2220300.0
2009-12-29,26.29,35.15,35.53,35.12,35.37,2794500.0
2009-12-30,26.28,35.13,35.24,34.93,35.0,2205600.0
2009-12-31,26.27,35.12,35.43,35.12,35.14,1843800.0
2010-01-04,26.93,36.0,36.11,35.3,35.39,3746700.0
2010-01-05,27.14,36.28,36.34,35.8,35.87,3276600.0
2010-01-06,27.16,36.31,36.55,36.11,36.19,2470800.0
2010-01-07,26.91,35.98,36.46,35.87,36.27,3049200.0
2010-01-08,26.94,36.02,36.02,35.27,35.9,3692400.0
2010-01-11,27.53,36.8,37.15,36.05,36.05,3252900.0
2010-01-12,27.65,36.97,37.26,36.24,36.63,5898000.0
2010-01-13,27.83,37.21,37.42,36.87,36.96,3539700.0
2010-01-14,27.69,37.02,37.19,36.6,37.08,1731900.0
2010-01-15,27.01,36.1,37.02,36.02,37.02,3330300.0
2010-01-19,27.61,36.91,36.97,35.97,36.05,3393000.0
2010-01-20,27.17,36.32,36.81,35.91,36.72,2156400.0
2010-01-21,26.11,34.91,36.46,34.88,36.33,3979800.0
2010-01-22,25.25,33.75,35.05,33.58,35.01,4684500.0
2010-01-25,25.81,34.5,34.56,33.96,34.07,3771300.0
2010-01-26,25.05,33.49,34.48,33.43,34.18,3578700.0
2010-01-27,25.9,34.63,34.74,33.43,33.43,5362200.0
2010-01-28,25.02,33.44,35.58,32.91,35.0,6083700.0
2010-01-29,24.69,33.01,33.98,32.69,33.55,5793300.0
2010-02-01,25.3,33.82,33.86,33.01,33.2,3535800.0
2010-02-02,25.38,33.93,34.29,33.56,33.77,3034200.0
2010-02-03,25.39,33.94,34.08,33.57,33.81,2854200.0
2010-02-04,24.51,32.76,34.47,32.73,34.47,5029500.0
2010-02-05,24.44,32.67,33.03,31.48,32.81,6282900.0
2010-02-08,24.01,32.1,32.85,32.08,32.65,3813000.0
2010-02-09,24.24,32.41,32.81,32.07,32.6,4401600.0
2010-02-10,24.26,32.43,32.74,32.22,32.23,2889900.0
2010-02-11,24.43,32.66,32.79,32.13,32.38,2362800.0
2010-02-12,24.4,32.62,32.67,31.94,32.45,3818400.0
2010-02-16,24.93,33.33,33.33,32.85,32.88,3912000.0
2010-02-17,25.16,33.63,33.71,33.26,33.34,3474900.0
2010-02-18,25.29,33.8,33.85,33.42,33.66,3449700.0
2010-02-19,25.34,33.87,34.1,33.59,33.87,4464600.0
2010-02-22,25.27,33.79,34.12,33.62,34.08,2446200.0
2010-02-23,24.94,33.34,33.78,33.2,33.59,3590700.0
2010-02-24,25.35,33.88,33.9,33.28,33.47,3674400.0
2010-02-25,24.98,33.39,33.5,32.92,33.5,4352100.0
2010-02-26,25.36,33.91,33.97,33.35,33.54,3145800.0
2010-03-01,25.64,34.28,34.36,33.81,34.36,2659800.0
2010-03-02,25.96,34.71,34.76,34.2,34.28,3442800.0
2010-03-03,25.91,34.64,34.98,34.54,34.71,3160500.0
2010-03-04,26.36,35.23,35.26,34.46,34.64,3771600.0
2010-03-05,27.25,36.43,36.47,35.46,35.46,4580100.0
2010-03-08,27.01,36.11,36.48,35.98,36.4,3455700.0
2010-03-09,26.97,36.05,36.14,35.72,35.86,3471900.0
2010-03-10,26.79,35.81,36.15,35.62,36.15,4466700.0
2010-03-11,26.92,35.99,36.01,35.49,35.7,3079200.0
2010-03-12,27.01,36.11,36.33,35.98,36.23,1921200.0
2010-03-15,27.01,36.11,36.3,35.78,36.01,2312400.0
2010-03-16,27.16,36.31,36.33,35.9,36.14,2699400.0
2010-03-17,27.79,37.16,37.51,36.41,36.41,3796800.0
2010-03-18,27.82,37.2,37.27,36.85,37.0,3168900.0
2010-03-19,27.52,36.79,37.43,36.7,36.79,4360800.0
2010-03-22,27.78,37.14,37.19,36.48,36.48,3166800.0
2010-03-23,28.1,37.56,37.66,36.9,37.12,2783400.0
2010-03-24,27.59,36.88,37.55,36.87,37.42,3867900.0
2010-03-25,27.98,37.41,38.24,37.04,37.2,3882300.0
2010-03-26,27.67,36.99,37.56,36.7,37.56,4317000.0
2010-03-29,27.79,37.08,37.16,36.78,37.06,2540100.0
2010-03-30,27.91,37.23,37.32,36.87,37.2,3319500.0
2010-03-31,27.71,36.97,37.27,36.65,37.02,2544000.0
2010-04-01,28.39,37.88,37.89,37.42,37.52,3978600.0
2010-04-05,28.6,38.16,38.3,37.81,38.05,2926800.0
2010-04-06,28.48,38.0,38.25,37.71,37.83,2511600.0
2010-04-07,28.19,37.61,37.94,37.41,37.8,3519300.0
2010-04-08,28.37,37.85,37.99,37.43,37.64,2852100.0
2010-04-09,28.69,38.27,38.36,37.85,37.85,2511600.0
2010-04-12,28.75,38.35,38.52,38.12,38.14,3812400.0
2010-04-13,29.69,39.61,39.74,38.26,38.36,6210600.0
2010-04-14,30.31,40.44,40.46,39.58,39.8,4185600.0
2010-04-15,30.3,40.42,40.63,40.1,40.38,3159000.0
2010-04-16,29.59,39.48,40.42,38.97,40.3,4141500.0
2010-04-19,29.79,39.74,39.89,38.97,39.17,2938200.0
2010-04-20,29.83,39.8,40.14,39.49,40.14,4043700.0
2010-04-21,29.47,39.31,39.84,38.95,39.59,4588200.0
2010-04-22,29.29,39.07,39.17,38.67,38.99,4981800.0
2010-04-23,29.89,39.88,39.95,39.2,39.2,3757200.0
2010-04-26,29.13,38.87,39.84,38.84,39.84,3741600.0
2010-04-27,28.22,37.66,38.94,37.63,38.73,3938100.0
2010-04-28,28.53,38.07,38.44,37.49,38.07,4812900.0
2010-04-29,29.57,39.45,39.56,38.37,38.44,4263900.0
2010-04-30,28.89,38.55,39.58,38.5,39.21,3319800.0
2010-05-03,29.3,39.09,39.24,38.55,38.74,1959300.0
2010-05-04,28.31,37.78,38.54,37.54,38.39,3693600.0
2010-05-05,28.09,37.48,38.07,36.95,37.28,3372600.0
2010-05-06,26.78,35.73,38.05,33.33,37.4,9035400.0
2010-05-07,26.11,34.84,35.83,34.43,35.75,9318300.0
2010-05-10,27.73,36.99,37.01,36.22,36.54,4862100.0
2010-05-11,27.35,36.5,36.99,36.28,36.58,4690500.0
2010-05-12,27.8,37.1,37.17,36.37,36.56,5685600.0
2010-05-13,27.37,36.51,37.1,36.5,36.81,3741000.0
2010-05-14,26.51,35.36,36.17,35.02,36.07,5159400.0
2010-05-17,26.63,35.53,36.05,34.78,35.36,5716500.0
2010-05-18,25.93,34.6,36.07,34.37,35.91,6505800.0
2010-05-19,25.93,34.59,35.01,33.9,34.44,4605000.0
2010-05-20,24.75,33.02,34.02,32.68,34.02,9410700.0
2010-05-21,25.67,34.24,34.39,32.32,32.48,8859300.0
2010-05-24,24.32,32.45,33.82,32.41,33.74,7045800.0
2010-05-25,24.33,32.46,32.54,31.39,31.8,7581600.0
2010-05-26,24.0,32.02,32.99,31.87,32.77,5445300.0
2010-05-27,24.93,33.26,33.3,32.33,32.42,5602200.0
2010-05-28,24.51,32.7,33.33,32.65,33.16,4777800.0
2010-06-01,23.86,31.83,32.7,31.82,32.41,4692000.0
2010-06-02,24.45,32.63,32.67,31.61,31.96,3161100.0
2010-06-03,23.95,31.96,32.68,31.69,32.56,5641200.0
2010-06-04,22.83,30.46,31.64,30.36,31.23,7626900.0
2010-06-07,22.15,29.55,30.85,29.49,30.65,8733300.0
2010-06-08,22.52,30.05,30.13,29.15,29.66,7692600.0
2010-06-09,22.12,29.52,30.59,29.36,30.27,5777100.0
2010-06-10,22.87,30.51,30.57,29.68,29.88,4897200.0
2010-06-11,23.36,31.17,31.24,30.07,30.14,4881600.0
2010-06-14,22.95,30.62,31.41,30.55,31.36,4332300.0
2010-06-15,23.48,31.32,31.37,30.56,30.78,5083200.0
2010-06-16,23.51,31.36,31.55,30.94,31.13,3861600.0
2010-06-17,23.26,31.03,31.51,30.65,31.49,3871200.0
2010-06-18,23.31,31.1,31.13,30.73,30.86,4710600.0
2010-06-21,23.38,31.19,31.69,31.04,31.42,5868300.0
2010-06-22,23.15,30.89,31.58,30.86,31.19,5665800.0
2010-06-23,22.89,30.54,31.1,30.37,30.94,3876000.0
2010-06-24,22.28,29.72,30.43,29.61,30.37,6925200.0
2010-06-25,22.74,30.33,30.45,29.74,29.98,7889700.0
2010-06-28,22.53,29.99,30.45,29.82,30.2,3309900.0
2010-06-29,21.47,28.57,29.73,28.4,29.73,4896600.0
2010-06-30,21.59,28.73,29.18,28.47,28.56,5932500.0
2010-07-01,21.47,28.57,29.14,28.03,28.7,5557200.0
2010-07-02,21.28,28.32,28.72,28.0,28.65,3607200.0
2010-07-06,21.51,28.62,29.21,28.29,28.66,3585600.0
2010-07-07,22.36,29.76,29.82,28.67,28.67,5176800.0
2010-07-08,22.72,30.24,30.35,29.74,30.06,4620000.0
2010-07-09,23.1,30.75,30.76,30.04,30.04,3443700.0
2010-07-12,22.95,30.55,30.83,30.23,30.65,2522100.0
2010-07-13,23.69,31.53,31.77,30.89,30.89,4895400.0
2010-07-14,23.45,31.22,31.41,30.82,31.35,2935500.0
2010-07-15,23.48,31.25,31.34,30.48,31.24,3436200.0
2010-07-16,22.58,30.05,30.97,29.96,30.79,3883200.0
2010-07-19,22.81,30.36,30.49,29.79,30.16,2450700.0
2010-07-20,23.09,30.73,30.78,29.62,29.81,4161600.0
2010-07-21,22.73,30.25,31.15,30.2,31.15,4667100.0
2010-07-22,23.79,31.66,31.71,30.63,30.66,5532900.0
2010-07-23,23.92,31.84,31.96,31.2,31.44,3292800.0
2010-07-26,24.64,32.79,32.8,31.72,31.87,4226400.0
2010-07-27,24.66,32.82,33.14,32.68,32.89,3804900.0
2010-07-28,24.1,32.08,33.01,32.07,32.7,3479700.0
2010-07-29,25.0,33.27,33.66,32.41,32.41,5889000.0
2010-07-30,25.19,33.53,34.07,32.22,32.93,5208000.0
2010-08-02,25.94,34.53,34.94,33.76,34.11,4826400.0
2010-08-03,25.68,34.18,34.56,34.1,34.56,4279500.0
2010-08-04,25.83,34.38,34.53,33.88,34.22,2982300.0
2010-08-05,25.75,34.27,34.3,34.0,34.02,2454900.0
2010-08-06,25.72,34.23,34.42,33.58,34.01,3145200.0
2010-08-09,26.11,34.75,34.75,33.99,33.99,3745800.0
2010-08-10,26.41,35.15,35.38,34.22,34.44,4401900.0
2010-08-11,25.22,33.57,34.82,33.54,34.6,4232100.0
2010-08-12,25.08,33.38,33.6,33.01,33.4,3461100.0
2010-08-13,24.93,33.18,33.64,33.04,33.04,3210600.0
2010-08-16,24.81,33.02,33.42,32.87,32.96,2661900.0
2010-08-17,25.42,33.83,34.1,33.25,33.4,2771100.0
2010-08-18,25.38,33.78,33.95,33.49,33.72,1636800.0
2010-08-19,24.65,32.81,33.73,32.69,33.44,3152700.0
2010-08-20,24.77,32.97,33.09,32.31,32.49,2906100.0
2010-08-23,24.66,32.82,33.23,32.82,33.2,2288700.0
2010-08-24,23.97,31.9,32.49,31.85,32.43,3237900.0
2010-08-25,24.21,32.22,32.37,31.32,31.71,3244200.0
2010-08-26,24.05,32.0,32.71,31.85,32.46,2944500.0
2010-08-27,24.62,32.77,32.78,31.7,32.13,2984100.0
2010-08-30,24.13,32.12,32.69,32.11,32.59,2492100.0
2010-08-31,24.17,32.17,32.38,31.66,31.97,2976600.0
2010-09-01,25.13,33.45,33.69,32.39,32.7,4650300.0
2010-09-02,25.31,33.69,33.84,33.41,33.46,2669100.0
2010-09-03,25.71,34.21,34.22,33.9,34.02,4498800.0
2010-09-07,25.32,33.7,34.1,33.49,33.84,2838600.0
2010-09-08,25.73,34.24,34.43,33.74,33.88,2683800.0
2010-09-09,26.29,35.0,35.27,34.43,34.74,4493700.0
2010-09-10,26.05,34.67,35.06,34.43,35.04,3761400.0
2010-09-13,26.6,35.4,35.58,35.05,35.08,3069900.0
2010-09-14,26.56,35.36,35.81,35.08,35.23,2669100.0
2010-09-15,26.8,35.67,35.7,34.97,35.15,2046600.0
2010-09-16,26.67,35.5,35.61,35.24,35.51,1920000.0
2010-09-17,26.49,35.25,35.79,34.9,35.79,3868800.0
2010-09-20,27.11,36.08,36.14,35.37,35.45,3249300.0
2010-09-21,26.64,35.46,36.1,35.35,36.1,3442800.0
2010-09-22,26.29,34.99,35.75,34.82,35.32,2807700.0
2010-09-23,25.81,34.35,34.95,34.33,34.69,2649600.0
2010-09-24,26.79,35.66,35.93,34.79,34.87,3132000.0
2010-09-27,26.9,35.81,36.11,35.63,35.93,3075600.0
2010-09-28,27.1,36.0,36.13,35.09,35.74,3042900.0
2010-09-29,26.8,35.6,35.95,35.42,35.76,2244000.0
2010-09-30,26.83,35.63,36.4,35.44,35.89,2724600.0
2010-10-01,27.08,35.97,36.33,35.51,36.07,4000800.0
2010-10-04,26.81,35.61,36.24,35.35,35.92,2564100.0
2010-10-05,28.11,37.34,37.41,35.62,36.08,4556100.0
2010-10-06,28.24,37.51,37.53,37.01,37.38,2723100.0
2010-10-07,28.29,37.58,38.0,37.4,37.76,3581700.0
2010-10-08,28.45,37.79,37.91,37.31,37.76,1830300.0
2010-10-11,28.46,37.8,38.0,37.58,37.76,1784400.0
2010-10-12,28.99,38.5,38.78,37.67,37.91,5639100.0
2010-10-13,29.36,38.99,39.61,38.37,38.37,4214400.0
2010-10-14,29.16,38.73,39.45,38.4,38.81,3376800.0
2010-10-15,29.21,38.8,39.22,38.48,39.02,2517900.0
2010-10-18,29.25,38.85,39.1,38.37,38.61,3255600.0
2010-10-19,28.51,37.87,38.85,37.69,38.41,4012200.0
2010-10-20,29.14,38.71,39.01,37.93,38.03,3713400.0
2010-10-21,29.03,38.56,39.33,37.38,38.67,3443400.0
2010-10-22,29.08,38.62,39.16,38.56,38.57,2352300.0
2010-10-25,29.06,38.59,39.16,38.57,38.99,2042700.0
2010-10-26,29.11,38.66,38.8,38.3,38.43,2417400.0
2010-10-27,29.11,38.67,38.76,38.2,38.2,2573400.0
2010-10-28,28.81,38.27,38.5,36.72,38.21,6691200.0
2010-10-29,28.79,38.23,38.4,37.91,38.01,2155200.0
2010-11-01,29.39,39.04,39.11,38.28,38.39,2955000.0
2010-11-02,29.77,39.54,39.75,39.34,39.49,2687400.0
2010-11-03,30.01,39.86,39.9,39.29,39.54,2418900.0
2010-11-04,30.66,40.72,40.87,39.88,40.16,3065700.0
2010-11-05,31.27,41.53,41.67,40.63,40.65,2865300.0
2010-11-08,30.6,40.64,41.38,40.45,41.38,2514900.0
2010-11-09,30.49,40.5,41.1,40.31,40.84,3283200.0
2010-11-10,30.15,40.05,40.51,39.74,40.36,4756800.0
2010-11-11,30.22,40.14,40.3,39.61,39.61,2045700.0
2010-11-12,29.7,39.44,40.09,39.15,39.66,2440500.0
2010-11-15,29.75,39.51,39.97,39.38,39.59,1575000.0
2010-11-16,28.68,38.1,39.07,37.94,39.07,4530300.0
2010-11-17,29.0,38.52,38.72,38.04,38.35,3501900.0
2010-11-18,29.35,38.98,39.37,38.93,39.08,2266200.0
2010-11-19,29.17,38.74,39.17,38.36,38.89,2265000.0
2010-11-22,29.07,38.62,38.75,38.3,38.53,2138700.0
2010-11-23,28.29,37.58,38.16,37.56,38.05,3038400.0
2010-11-24,29.12,38.68,38.85,37.85,37.85,3294300.0
2010-11-26,28.62,38.01,38.32,37.98,38.13,946200.0
2010-11-29,28.74,38.17,38.3,37.51,37.72,2010300.0
2010-11-30,28.63,38.03,38.29,37.65,37.75,2921700.0
2010-12-01,29.52,39.21,39.25,38.55,38.79,2537400.0
2010-12-02,30.11,39.99,40.04,39.23,39.27,2487900.0
2010-12-03,30.12,40.01,40.08,39.15,39.8,2466000.0
2010-12-06,29.89,39.71,39.87,39.53,39.78,3683100.0
2010-12-07,29.83,39.62,40.24,39.55,40.06,3517200.0
2010-12-08,29.84,39.64,39.8,39.28,39.72,2643300.0
2010-12-09,29.47,39.15,39.99,38.67,39.94,6362400.0
2010-12-10,29.63,39.35,39.55,38.9,39.32,4567800.0
2010-12-13,29.47,39.14,39.51,39.01,39.51,1925700.0
2010-12-14,29.22,38.81,39.27,38.71,39.06,2006100.0
2010-12-15,29.3,38.92,39.38,38.63,38.69,2934000.0
2010-12-16,29.19,38.77,38.99,38.44,38.99,1873800.0
2010-12-17,28.76,38.2,38.57,37.72,38.41,6952200.0
2010-12-20,28.03,37.23,37.72,36.89,37.54,6734400.0
2010-12-21,28.08,37.3,37.44,37.21,37.29,4430700.0
2010-12-22,27.6,36.66,37.16,36.42,36.96,6298200.0
2010-12-23,27.24,36.19,36.61,35.93,36.57,4457100.0
2010-12-27,27.69,36.77,37.0,35.93,35.97,3311400.0
2010-12-28,27.7,36.79,36.87,36.68,36.84,1644600.0
2010-12-29,27.7,36.7,36.93,36.62,36.75,1691100.0
2010-12-30,27.79,36.83,36.89,36.5,36.63,1508700.0
2010-12-31,27.97,37.07,37.22,36.69,36.71,2147700.0
2011-01-03,28.47,37.72,37.98,37.29,37.32,3542400.0
2011-01-04,28.21,37.38,38.08,37.35,38.02,5490000.0
2011-01-05,27.75,36.77,37.01,36.11,36.72,8698500.0
2011-01-06,27.6,36.58,37.0,36.53,36.8,6545100.0
2011-01-07,28.09,37.23,37.41,36.45,36.54,4686900.0
2011-01-10,28.41,37.64,37.82,36.88,37.09,4242600.0
2011-01-11,29.14,38.62,39.09,38.17,38.2,5344800.0
2011-01-12,29.68,39.34,39.36,38.89,38.97,3145800.0
2011-01-13,30.0,39.75,39.75,39.19,39.33,3375300.0
2011-01-14,30.49,40.4,40.45,39.52,39.66,3775800.0
2011-01-18,30.26,40.1,40.51,39.94,40.51,2608200.0
2011-01-19,29.69,39.34,39.92,39.28,39.8,2839500.0
2011-01-20,29.75,39.42,39.61,38.98,39.33,2767500.0
2011-01-21,29.79,39.48,39.78,39.35,39.55,3205500.0
2011-01-24,30.1,39.88,39.91,39.49,39.49,2994300.0
2011-01-25,30.17,39.98,40.0,39.43,39.66,2643300.0
2011-01-26,30.27,40.11,40.22,39.7,40.01,3649500.0
2011-01-27,30.87,40.91,41.33,40.33,40.61,4372200.0
2011-01-28,30.39,40.28,41.38,40.04,41.17,3571500.0
2011-01-31,30.35,40.22,40.7,40.16,40.54,2786100.0
2011-02-01,31.09,41.2,41.48,40.39,40.65,3711600.0
2011-02-02,30.66,40.63,41.09,40.58,41.04,1803000.0
2011-02-03,30.61,40.57,40.68,39.96,40.53,2679600.0
2011-02-04,30.8,40.81,41.02,40.26,40.57,1628100.0
2011-02-07,31.36,41.56,41.64,40.79,40.9,2039700.0
2011-02-08,31.85,42.2,42.21,41.44,41.57,3386700.0
2011-02-09,31.71,42.02,42.05,41.61,41.94,3472200.0
2011-02-10,31.93,42.31,42.36,41.58,41.68,2061300.0
2011-02-11,32.33,42.85,43.02,41.99,42.06,3134100.0
2011-02-14,32.46,43.01,43.04,42.56,42.76,2708400.0
2011-02-15,32.69,43.32,43.45,42.82,42.94,3365400.0
2011-02-16,32.74,43.39,43.66,42.98,43.43,2454900.0
2011-02-17,32.62,43.23,43.28,42.95,42.98,2055900.0
2011-02-18,32.8,43.47,43.49,42.95,43.22,2788800.0
2011-02-22,31.43,41.66,42.89,41.56,42.89,3213900.0
2011-02-23,31.08,41.18,42.16,40.71,41.71,3474300.0
2011-02-24,31.13,41.25,41.62,40.66,41.31,3194700.0
2011-02-25,31.43,41.65,41.8,41.4,41.58,1752900.0
2011-02-28,31.6,41.87,42.0,41.56,41.9,2091900.0
2011-03-01,31.0,41.09,42.0,41.06,41.91,3192900.0
2011-03-02,31.11,41.23,41.5,40.69,41.03,2023800.0
2011-03-03,31.92,42.3,42.44,41.52,41.62,2594100.0
2011-03-04,31.58,41.85,42.4,41.3,42.19,2314200.0
2011-03-07,31.28,41.45,42.58,41.33,42.04,2079300.0
2011-03-08,31.97,42.37,42.41,41.52,41.63,3658800.0
2011-03-09,31.18,41.33,41.73,40.55,41.69,5628600.0
2011-03-10,30.02,39.78,40.83,39.75,40.77,4978200.0
2011-03-11,30.44,40.34,40.44,39.6,39.94,2605200.0
2011-03-14,29.81,39.51,40.24,39.43,40.0,3347100.0
2011-03-15,29.38,38.94,39.18,38.26,38.77,4401600.0
2011-03-16,28.7,38.04,39.17,37.78,38.82,3270900.0
2011-03-17,29.07,38.52,38.92,38.2,38.74,3886200.0
2011-03-18,29.31,38.84,39.35,38.77,39.07,2855700.0
2011-03-21,29.84,39.55,39.72,39.07,39.55,2097000.0
2011-03-22,29.56,39.18,39.64,39.15,39.5,2775600.0
2011-03-23,29.8,39.49,39.53,38.7,39.03,2235300.0
2011-03-24,30.55,40.49,40.51,39.77,39.86,3114600.0
2011-03-25,30.48,40.39,40.63,40.13,40.5,1592100.0
2011-03-28,30.22,40.05,40.28,39.95,40.06,2657400.0
2011-03-29,30.28,40.04,40.08,39.53,39.86,1865400.0
2011-03-30,30.95,40.93,41.13,40.34,40.43,2595300.0
2011-03-31,31.53,41.69,41.71,40.78,40.81,3955500.0
2011-04-01,32.06,42.4,42.4,41.8,41.98,2739300.0
2011-04-04,32.11,42.47,42.66,42.03,42.33,1883400.0
2011-04-05,31.58,41.77,42.3,41.74,42.22,3678300.0
2011-04-06,31.52,41.69,42.09,41.48,41.97,1912500.0
2011-04-07,31.29,41.38,41.81,41.23,41.63,2165700.0
2011-04-08,31.41,41.53,41.86,41.28,41.65,2762100.0
2011-04-11,31.25,41.33,41.93,41.13,41.51,1577700.0
2011-04-12,31.27,41.36,41.73,41.06,41.19,3180000.0
2011-04-13,31.21,41.27,41.7,40.97,41.67,1834500.0
2011-04-14,30.89,40.85,41.02,40.64,40.96,2389500.0
2011-04-15,31.02,41.03,41.21,40.64,40.97,1981500.0
2011-04-18,30.6,40.47,40.74,40.17,40.58,3008400.0
2011-04-19,30.59,40.46,40.6,40.23,40.56,1847100.0
2011-04-20,31.29,41.38,41.43,40.94,41.05,1944300.0
2011-04-21,31.74,41.98,42.05,41.47,41.51,1927200.0
2011-04-25,31.42,41.55,41.91,41.43,41.82,1508400.0
2011-04-26,31.85,42.12,42.19,41.64,41.76,1618500.0
2011-04-27,31.73,41.96,42.27,41.43,42.24,2136000.0
2011-04-28,32.09,42.44,42.53,41.55,41.93,2538300.0
2011-04-29,32.55,43.04,43.18,42.57,42.67,2985000.0
2011-05-02,32.53,43.02,43.59,42.97,43.25,2103900.0
2011-05-03,32.43,42.88,42.94,42.37,42.91,2029200.0
2011-05-04,32.24,42.63,42.95,42.24,42.93,2325900.0
2011-05-05,31.5,41.65,42.35,41.57,42.35,2652900.0
2011-05-06,31.83,42.09,42.76,41.89,42.47,2788200.0
2011-05-09,32.05,42.38,42.53,41.87,42.0,2389800.0
2011-05-10,32.35,42.78,42.92,42.52,42.72,2450100.0
2011-05-11,31.81,42.07,42.83,41.81,42.57,2060100.0
2011-05-12,32.27,42.68,42.83,41.79,42.01,1926000.0
2011-05-13,32.08,42.42,42.81,42.24,42.71,2113200.0
2011-05-16,32.0,42.31,42.91,42.07,42.21,1890600.0
2011-05-17,31.78,42.03,42.23,41.49,41.99,2745600.0
2011-05-18,32.03,42.36,42.4,41.75,42.09,1508100.0
2011-05-19,32.02,42.35,42.52,42.0,42.47,2337900.0
2011-05-20,31.72,41.94,42.52,41.89,42.16,2030700.0
2011-05-23,31.11,41.14,41.52,40.75,41.42,2277900.0
2011-05-24,31.09,41.12,41.49,40.85,41.23,1609200.0
2011-05-25,31.2,41.26,41.4,40.66,40.84,1750800.0
2011-05-26,31.54,41.71,41.82,40.68,41.05,2452200.0
2011-05-27,31.95,42.25,42.27,41.74,41.94,2137800.0
2011-05-31,32.66,43.19,43.37,42.86,42.86,4389300.0
2011-06-01,31.52,41.69,43.08,41.66,43.08,3970800.0
2011-06-02,31.6,41.79,42.07,41.21,41.63,4029600.0
2011-06-03,31.28,41.37,41.73,40.83,41.13,2706900.0
2011-06-06,30.74,40.65,41.42,40.62,41.21,2874600.0
2011-06-07,30.87,40.82,41.31,40.76,40.93,2161200.0
2011-06-08,30.82,40.76,41.31,40.69,41.17,2579100.0
2011-06-09,31.12,41.16,41.55,40.77,40.85,2387400.0
2011-06-10,30.73,40.63,41.0,40.27,40.91,3043800.0
2011-06-13,30.93,40.9,41.12,40.48,40.68,2018100.0
2011-06-14,31.76,42.0,42.05,41.37,41.45,2955900.0
2011-06-15,30.96,40.94,41.72,40.68,41.65,3683100.0
2011-06-16,31.15,41.2,41.33,40.85,41.01,2790600.0
2011-06-17,31.35,41.46,41.94,41.24,41.65,2252100.0
2011-06-20,31.34,41.44,41.7,41.16,41.34,2403000.0
2011-06-21,31.84,42.11,42.44,41.66,41.74,2762400.0
2011-06-22,31.47,41.61,42.2,41.6,41.88,2120100.0
2011-06-23,31.28,41.37,41.44,40.67,41.06,2883300.0
2011-06-24,31.04,41.05,41.55,40.79,41.39,3469200.0
2011-06-27,31.55,41.73,41.84,40.96,41.09,2071500.0
2011-06-28,31.99,42.22,42.22,41.6,41.88,1680600.0
2011-06-29,32.65,43.09,43.36,42.5,42.51,3036000.0
2011-06-30,33.16,43.76,43.88,42.87,43.3,3215100.0
2011-07-01,33.91,44.75,44.83,43.55,43.56,3094200.0
2011-07-05,33.92,44.77,45.1,44.39,44.76,2809800.0
2011-07-06,34.02,44.9,45.0,44.21,44.57,2542500.0
2011-07-07,34.67,45.75,45.85,45.28,45.39,3354300.0
2011-07-08,34.62,45.69,45.7,44.88,45.03,3309900.0
2011-07-11,33.28,43.92,45.18,43.78,44.86,3347100.0
2011-07-12,33.18,43.79,44.51,43.72,43.83,2629800.0
2011-07-13,33.15,43.75,44.42,43.65,44.15,2572200.0
2011-07-14,32.9,43.43,44.15,43.2,43.91,2004600.0
2011-07-15,32.91,43.44,43.75,42.93,43.6,2330400.0
2011-07-18,32.4,42.76,43.35,42.29,43.17,1934400.0
2011-07-19,32.94,43.47,43.49,42.91,43.04,1936500.0
2011-07-20,33.0,43.56,43.99,43.35,43.79,1991700.0
2011-07-21,34.05,44.94,45.02,43.91,43.95,2888400.0
2011-07-22,33.72,44.5,45.07,44.4,44.84,1630200.0
2011-07-25,33.56,44.29,44.5,43.81,43.81,1369200.0
2011-07-26,33.54,44.27,44.56,43.88,44.38,1755600.0
2011-07-27,32.06,42.31,43.98,42.17,43.92,2956500.0
2011-07-28,32.69,43.14,43.9,42.41,42.42,3614700.0
2011-07-29,32.06,42.32,42.97,42.17,42.75,4052100.0
2011-08-01,31.93,42.15,43.05,41.71,42.82,4308900.0
2011-08-02,30.9,40.78,42.61,40.71,41.84,4771500.0
2011-08-03,31.54,41.63,41.74,40.33,40.88,3125700.0
2011-08-04,29.69,39.19,41.13,39.09,40.93,4089300.0
2011-08-05,29.72,39.22,40.13,37.69,39.94,6567000.0
2011-08-08,26.93,35.54,38.52,35.4,37.59,8448000.0
2011-08-09,29.12,38.44,38.47,35.53,36.51,7348800.0
2011-08-10,27.64,36.48,37.7,36.12,37.14,8070000.0
2011-08-11,29.21,38.55,39.07,36.34,36.92,4723200.0
2011-08-12,29.22,38.56,39.44,38.21,39.07,3220800.0
2011-08-15,29.28,38.64,39.0,38.15,38.93,4303200.0
2011-08-16,28.98,38.25,38.76,37.8,37.85,4022100.0
2011-08-17,29.23,38.58,38.65,38.13,38.25,3972900.0
2011-08-18,27.71,36.57,37.18,36.12,37.15,8477100.0
2011-08-19,27.94,36.88,37.82,36.12,36.41,7624800.0
2011-08-22,28.39,37.47,38.28,37.04,38.07,5085300.0
2011-08-23,29.06,38.35,38.35,36.87,37.57,6073500.0
2011-08-24,29.5,38.94,39.11,37.69,38.08,4593300.0
2011-08-25,29.08,38.39,40.0,38.03,39.29,4542000.0
2011-08-26,29.26,38.61,38.92,37.14,37.99,3540300.0
2011-08-29,30.12,39.76,39.82,39.13,39.17,2903400.0
2011-08-30,29.94,39.51,40.17,39.17,39.53,3953400.0
2011-08-31,30.29,39.97,40.45,39.57,39.95,2374500.0
2011-09-01,29.83,39.37,40.11,39.29,39.92,2929800.0
2011-09-02,28.72,37.9,39.21,37.69,38.8,3733800.0
2011-09-06,28.3,37.35,37.41,36.31,36.61,2993100.0
2011-09-07,29.23,38.58,38.61,37.51,37.9,4153800.0
2011-09-08,28.87,38.1,38.61,37.78,38.25,3472200.0
2011-09-09,28.21,37.23,37.87,37.0,37.72,4310700.0
2011-09-12,28.57,37.71,37.71,36.44,36.73,3250800.0
2011-09-13,28.73,37.92,38.13,36.4,37.33,4745100.0
2011-09-14,29.17,38.5,39.05,37.31,38.13,4916100.0
2011-09-15,30.32,40.02,40.08,38.68,39.08,4461300.0
2011-09-16,30.14,39.78,40.29,38.98,40.01,4236900.0
2011-09-19,29.21,38.55,39.0,38.01,39.0,4153200.0
2011-09-20,29.12,38.43,39.39,38.39,38.76,3981900.0
2011-09-21,27.95,36.89,38.66,36.88,38.36,3832500.0
2011-09-22,24.45,32.26,35.83,32.17,35.81,16693800.0
2011-09-23,24.94,32.92,33.38,32.04,32.06,8645700.0
2011-09-26,25.66,33.87,33.91,32.47,33.26,6240000.0
2011-09-27,25.7,33.91,35.09,33.67,34.93,5938200.0
2011-09-28,24.72,32.54,34.0,32.46,33.83,5866200.0
2011-09-29,25.45,33.5,33.73,32.71,33.41,4626000.0
2011-09-30,24.21,31.88,32.89,31.19,32.77,8038500.0
2011-10-03,22.88,30.13,31.65,30.1,30.89,7983900.0
2011-10-04,24.21,31.87,31.91,29.24,29.67,7800000.0
2011-10-05,24.77,32.62,32.74,30.81,31.66,5413500.0
2011-10-06,25.18,33.15,33.21,31.96,32.43,4135200.0
2011-10-07,24.03,31.64,33.28,31.63,33.28,5018100.0
2011-10-10,25.26,33.26,33.31,32.49,32.62,3134700.0
2011-10-11,24.52,32.28,32.8,31.61,32.8,5382900.0
2011-10-12,24.67,32.48,32.95,32.34,32.95,6905100.0
2011-10-13,24.79,32.63,32.8,31.5,32.25,4717500.0
2011-10-14,25.6,33.71,34.05,33.04,33.18,5420700.0
2011-10-17,24.87,32.74,33.59,32.64,33.46,4926600.0
2011-10-18,25.87,34.06,34.45,32.35,32.76,4524900.0
2011-10-19,25.39,33.43,34.1,33.23,33.9,4182000.0
2011-10-20,25.33,33.34,33.56,32.77,33.08,4622100.0
2011-10-21,26.21,34.51,34.53,33.58,33.79,3264900.0
2011-10-24,26.91,35.42,35.57,34.46,34.6,3961500.0
2011-10-25,25.58,33.68,34.79,33.61,34.79,5097300.0
2011-10-26,25.53,33.62,34.7,33.04,34.7,5992200.0
2011-10-27,27.4,36.08,36.89,35.1,35.39,12331800.0
2011-10-28,28.08,36.97,37.46,35.96,36.2,8249400.0
2011-10-31,27.0,35.54,36.22,35.48,35.87,5308800.0
2011-11-01,25.32,33.33,34.73,32.5,32.5,7081500.0
2011-11-02,26.24,34.55,34.75,33.78,34.39,2829600.0
2011-11-03,27.05,35.61,35.71,33.81,35.34,4253400.0
2011-11-04,27.07,35.64,35.78,34.6,35.32,3336000.0
2011-11-07,27.16,35.76,35.81,34.89,35.49,2082900.0
2011-11-08,27.61,36.35,36.64,35.59,35.92,2822400.0
2011-11-09,26.19,34.48,35.38,34.39,35.3,4053000.0
2011-11-10,26.53,34.92,35.25,34.42,34.73,2790300.0
2011-11-11,27.24,35.86,36.16,35.43,35.57,3495000.0
2011-11-14,26.56,34.97,35.75,34.75,35.65,2833500.0
2011-11-15,26.54,34.94,35.3,34.56,34.73,3108300.0
2011-11-16,25.98,34.2,34.9,34.13,34.48,3407400.0
2011-11-17,25.17,33.14,34.04,32.79,34.04,7930200.0
2011-11-18,25.16,33.12,33.5,32.91,33.44,3810000.0
2011-11-21,24.17,31.82,32.54,31.51,32.54,6172500.0
2011-11-22,24.16,31.81,32.39,31.49,31.73,4321200.0
2011-11-23,23.26,30.62,31.36,30.59,31.32,4004100.0
2011-11-25,23.2,30.54,31.0,30.41,30.51,1507500.0
2011-11-28,23.85,31.4,31.86,31.11,31.63,3395100.0
2011-11-29,23.77,31.29,31.55,31.15,31.41,3117300.0
2011-11-30,25.53,33.61,33.68,31.87,32.0,5017200.0
2011-12-01,25.11,33.06,33.41,32.71,33.39,2113200.0
2011-12-02,24.92,32.81,33.89,32.66,33.09,5466900.0
2011-12-05,25.53,33.61,33.78,33.23,33.63,3634200.0
2011-12-06,25.45,33.51,33.84,33.05,33.32,2844300.0
2011-12-07,25.5,33.57,33.87,32.85,33.29,2706300.0
2011-12-08,24.43,32.16,33.09,32.02,33.08,5393700.0
2011-12-09,25.3,33.31,33.49,32.19,32.34,3924600.0
2011-12-12,24.53,32.3,32.77,31.87,32.77,3320400.0
2011-12-13,24.29,31.98,32.76,31.5,32.47,4890000.0
2011-12-14,23.94,31.52,32.04,31.4,31.65,4518600.0
2011-12-15,24.08,30.94,31.67,30.69,31.15,4612800.0
2011-12-16,24.41,31.36,31.54,30.98,31.17,5156100.0
2011-12-19,24.07,30.92,31.46,30.7,31.45,6228300.0
2011-12-20,24.71,31.76,32.03,31.59,31.68,4422900.0
2011-12-21,24.45,31.41,31.84,31.3,31.82,4529100.0
2011-12-22,24.67,31.7,32.03,31.57,31.65,3147300.0
2011-12-23,24.88,31.97,31.99,31.57,31.85,2030100.0
2011-12-27,24.85,31.93,32.2,31.79,31.86,2149500.0
2011-12-28,24.38,31.32,31.94,31.28,31.89,1992000.0
2011-12-29,24.93,32.03,32.09,31.4,31.44,1872900.0
2011-12-30,24.92,32.02,32.24,31.92,32.08,2158500.0
2012-01-03,25.69,33.01,33.48,32.89,32.92,3159300.0
2012-01-04,25.38,32.61,32.8,32.33,32.75,2141400.0
2012-01-05,25.67,32.98,33.02,31.98,32.4,3177300.0
2012-01-06,25.49,32.75,32.98,32.42,32.89,2700600.0
2012-01-09,25.64,32.94,33.0,32.62,32.9,3016200.0
2012-01-10,26.41,33.93,34.05,33.33,33.35,3670200.0
2012-01-11,25.08,32.22,32.5,31.75,32.0,9193800.0
2012-01-12,25.05,32.19,32.5,31.9,32.46,4841400.0
2012-01-13,24.97,32.09,32.18,31.46,31.84,4472400.0
2012-01-17,25.13,32.29,32.73,32.24,32.31,2859900.0
2012-01-18,25.86,33.23,33.24,32.15,32.45,2853600.0
2012-01-19,26.28,33.77,33.98,33.21,33.41,2705700.0
2012-01-20,26.56,34.13,34.19,33.44,33.73,3318600.0
2012-01-23,26.62,34.2,34.54,34.03,34.22,2811600.0
2012-01-24,26.88,34.54,34.6,33.73,33.93,2587800.0
2012-01-25,27.26,35.03,35.13,34.29,34.4,2453700.0
2012-01-26,27.67,35.56,35.95,35.02,35.21,4596300.0
2012-01-27,27.62,35.49,35.65,35.17,35.41,4152900.0
2012-01-30,27.89,35.84,35.9,35.16,35.32,9687600.0
2012-01-31,27.52,35.37,36.07,34.94,36.07,3515100.0
2012-02-01,29.05,37.32,37.37,35.91,35.91,5855400.0
2012-02-02,29.37,37.74,37.88,37.12,37.29,4136400.0
2012-02-03,30.2,38.8,38.83,38.09,38.23,3240900.0
2012-02-06,30.15,38.74,38.76,38.34,38.56,2155500.0
2012-02-07,30.28,38.91,39.04,38.39,38.52,2446800.0
2012-02-08,30.27,38.9,39.2,38.79,38.81,2279700.0
2012-02-09,30.31,38.95,39.46,38.67,39.22,2477100.0
2012-02-10,30.12,38.7,38.79,38.5,38.62,1899300.0
2012-02-13,30.39,39.05,39.26,38.84,39.16,1149900.0
2012-02-14,30.09,38.66,38.93,38.46,38.92,2184900.0
2012-02-15,30.09,38.66,39.15,38.44,38.96,3696300.0
2012-02-16,30.46,39.14,39.19,38.46,38.64,2973600.0
2012-02-17,30.36,39.01,39.5,38.79,39.43,1937700.0
2012-02-21,30.44,39.11,39.66,39.01,39.17,1815900.0
2012-02-22,30.18,38.78,39.27,38.67,39.12,2148000.0
2012-02-23,30.68,39.42,39.45,38.71,38.83,1832400.0
2012-02-24,30.83,39.61,39.93,39.39,39.5,1821300.0
2012-02-27,30.7,39.44,39.57,38.89,39.21,1493100.0
2012-02-28,30.59,39.31,39.49,39.13,39.49,1713000.0
2012-02-29,30.58,39.3,39.9,39.16,39.49,1963200.0
2012-03-01,30.83,39.62,39.85,38.35,39.03,2222100.0
2012-03-02,30.63,39.36,39.76,39.33,39.59,1859400.0
2012-03-05,30.46,39.14,39.34,38.78,39.34,2024400.0
2012-03-06,29.99,38.53,38.7,38.38,38.63,2433600.0
2012-03-07,30.58,39.3,39.31,38.68,38.73,2994300.0
2012-03-08,31.11,39.98,40.0,39.59,39.66,3222600.0
2012-03-09,31.24,40.14,40.44,39.93,40.0,2266500.0
2012-03-12,31.04,39.89,40.29,39.67,40.2,1585500.0
2012-03-13,32.06,41.19,41.23,39.82,39.82,4474800.0
2012-03-14,31.98,41.09,41.63,40.73,41.26,2182500.0
2012-03-15,32.56,41.84,41.85,40.89,40.98,2931300.0
2012-03-16,32.55,41.82,42.0,41.53,41.95,4230600.0
2012-03-19,32.42,41.66,42.0,41.49,41.82,2037600.0
2012-03-20,32.16,41.32,41.51,41.17,41.44,1766400.0
2012-03-21,32.32,41.54,41.64,41.29,41.47,2241000.0
2012-03-22,31.82,40.89,41.05,40.75,40.88,1984200.0
2012-03-23,31.84,40.92,41.0,40.63,40.92,2445000.0
2012-03-26,32.47,41.72,41.72,41.12,41.39,2378700.0
2012-03-27,32.55,41.83,42.16,41.62,41.79,2194500.0
2012-03-28,32.51,41.68,41.91,41.01,41.78,2396400.0
2012-03-29,32.05,41.1,41.51,40.79,41.09,2888400.0
2012-03-30,32.24,41.34,41.42,40.89,41.36,3021900.0
2012-04-02,32.9,42.19,42.41,41.34,41.36,2588400.0
2012-04-03,32.77,42.02,42.14,41.79,42.05,2469000.0
2012-04-04,32.51,41.68,41.81,41.39,41.49,2287200.0
2012-04-05,32.94,42.23,42.53,41.39,41.44,4637400.0
2012-04-09,32.45,41.6,41.77,41.05,41.39,2447100.0
2012-04-10,31.66,40.59,41.75,40.51,41.55,3968100.0
2012-04-11,31.71,40.66,41.34,40.54,41.34,2195100.0
2012-04-12,32.38,41.51,41.53,40.33,40.68,1838700.0
2012-04-13,31.78,40.75,41.56,40.73,41.47,1628400.0
2012-04-16,31.9,40.9,41.49,40.5,41.25,1586400.0
2012-04-17,32.55,41.74,41.91,41.04,41.19,1610100.0
2012-04-18,32.1,41.16,41.53,41.0,41.28,2862000.0
2012-04-19,31.81,40.79,41.44,40.54,41.26,2048700.0
2012-04-20,31.9,40.9,41.33,40.7,40.93,2042400.0
2012-04-23,31.12,39.9,40.38,39.54,40.26,2923200.0
2012-04-24,31.5,40.39,40.57,39.99,40.02,1451700.0
2012-04-25,32.21,41.3,41.39,40.63,40.63,1912500.0
2012-04-26,32.66,41.88,42.04,41.1,41.17,1934700.0
2012-04-27,32.72,41.95,42.18,41.66,42.11,1414800.0
2012-04-30,32.63,41.84,41.93,41.59,41.92,1026000.0
2012-05-01,32.74,41.98,42.61,41.79,41.84,2220300.0
2012-05-02,31.65,40.58,41.41,40.11,41.33,3973800.0
2012-05-03,31.05,39.81,40.68,39.51,40.59,3417900.0
2012-05-04,30.56,39.19,39.78,39.13,39.6,2664600.0
2012-05-07,30.2,38.72,39.23,38.6,39.12,2931600.0
2012-05-08,30.01,38.48,38.6,38.07,38.43,2540700.0
2012-05-09,29.84,38.26,38.66,37.92,38.01,2488200.0
2012-05-10,29.9,38.33,39.36,38.21,38.64,2240100.0
2012-05-11,29.76,38.16,38.56,37.71,37.91,1559400.0
2012-05-14,29.58,37.93,38.21,37.35,37.58,2561100.0
2012-05-15,29.37,37.66,38.34,37.62,37.92,1897200.0
2012-05-16,28.88,37.03,38.06,37.02,37.93,2839200.0
2012-05-17,28.15,36.1,37.13,36.09,37.1,3055200.0
2012-05-18,27.94,35.82,36.29,35.62,36.26,4833900.0
2012-05-21,28.34,36.34,36.4,35.7,35.94,4086900.0
2012-05-22,28.05,35.96,36.93,35.76,36.32,4536900.0
2012-05-23,27.9,35.78,35.86,35.04,35.7,4686000.0
2012-05-24,28.08,36.0,36.15,35.44,36.15,4024200.0
2012-05-25,27.76,35.6,36.11,35.55,35.94,3305100.0
2012-05-29,28.25,36.22,36.44,35.91,35.91,2598000.0
2012-05-30,27.74,35.57,35.93,35.52,35.91,2577300.0
2012-05-31,27.76,35.6,35.86,35.3,35.7,3036600.0
2012-06-01,26.53,34.02,34.66,33.64,34.51,5910600.0
2012-06-04,26.71,34.24,34.33,33.84,34.0,3530400.0
2012-06-05,27.12,34.78,34.86,34.08,34.21,3378000.0
2012-06-06,27.82,35.67,35.69,34.96,34.99,2826000.0
2012-06-07,28.11,36.05,37.02,35.92,36.34,5830500.0
2012-06-08,28.1,36.03,36.04,35.15,35.78,3667800.0
2012-06-11,27.4,35.14,36.42,35.1,36.41,3892200.0
2012-06-12,27.62,35.41,35.44,34.6,35.02,2996100.0
2012-06-13,27.22,34.9,35.38,34.8,34.98,2397600.0
2012-06-14,27.46,35.21,35.29,34.83,34.95,2457300.0
2012-06-15,28.38,36.39,36.4,35.48,35.54,5459100.0
2012-06-18,27.87,35.74,36.12,35.68,36.07,2511900.0
2012-06-19,28.39,36.41,36.59,35.9,35.99,2196000.0
2012-06-20,28.09,36.02,36.55,35.68,36.49,3965700.0
2012-06-21,27.09,34.74,36.24,34.71,36.15,3416100.0
2012-06-22,27.15,34.81,35.12,34.72,34.92,8751900.0
2012-06-25,26.79,34.35,34.49,34.03,34.2,2489100.0
2012-06-26,26.91,34.51,34.65,34.24,34.43,1858200.0
2012-06-27,27.46,35.11,35.25,34.29,34.55,3434400.0
2012-06-28,27.59,35.29,35.33,34.75,34.8,2023200.0
2012-06-29,28.93,37.0,37.0,36.15,36.23,2958600.0
2012-07-02,29.17,37.3,37.33,36.83,37.03,1829100.0
2012-07-03,29.69,37.97,38.06,37.16,37.36,1260900.0
2012-07-05,29.47,37.69,37.92,37.63,37.63,2450700.0
2012-07-06,29.07,37.18,37.32,36.81,37.21,2010300.0
2012-07-09,28.84,36.88,37.25,36.53,36.56,1406100.0
2012-07-10,28.58,36.55,37.54,36.4,37.23,2393100.0
2012-07-11,28.56,36.53,36.9,36.2,36.48,2921100.0
2012-07-12,28.41,36.33,36.52,35.92,36.07,2083500.0
2012-07-13,29.68,37.96,37.99,36.45,36.46,2538900.0
2012-07-16,29.31,37.48,37.98,37.29,37.96,1945500.0
2012-07-17,29.5,37.73,37.96,37.12,37.65,2030700.0
2012-07-18,29.53,37.77,37.96,37.46,37.49,1445700.0
2012-07-19,29.56,37.8,37.93,37.48,37.75,1596600.0
2012-07-20,28.76,36.78,37.63,36.77,37.47,4476000.0
2012-07-23,28.36,36.26,36.52,35.33,36.21,3685500.0
2012-07-24,27.99,35.79,36.35,35.62,36.23,3766800.0
2012-07-25,27.83,35.6,36.15,35.58,35.96,3344400.0
2012-07-26,28.23,36.11,36.5,35.79,36.34,3133200.0
2012-07-27,29.25,37.4,37.68,36.39,36.48,5144400.0
2012-07-30,30.08,38.46,38.61,37.75,37.89,3264600.0
2012-07-31,29.96,38.32,38.64,38.01,38.3,3663300.0
2012-08-01,29.48,37.7,38.8,37.64,38.51,2817900.0
2012-08-02,28.93,36.99,37.54,36.76,37.2,2791200.0
2012-08-03,29.58,37.83,38.15,37.63,37.63,2302800.0
2012-08-06,29.72,38.01,38.36,37.92,37.98,1370400.0
2012-08-07,30.53,39.04,39.23,38.2,38.21,2652600.0
2012-08-08,30.37,38.84,39.33,38.67,38.89,1837800.0
2012-08-09,30.28,38.73,39.11,38.54,38.8,999900.0
2012-08-10,30.3,38.74,38.84,38.42,38.66,1123800.0
2012-08-13,30.16,38.57,38.73,38.29,38.54,1078500.0
2012-08-14,30.34,38.8,38.93,38.6,38.85,1373100.0
2012-08-15,30.75,39.33,39.43,38.6,38.69,2029200.0
2012-08-16,31.22,39.92,39.96,39.16,39.31,1967700.0
2012-08-17,31.26,39.98,40.01,39.57,39.87,1502700.0
2012-08-20,30.94,39.57,39.97,39.5,39.89,1820700.0
2012-08-21,30.72,39.29,40.02,39.11,39.74,2278800.0
2012-08-22,30.86,39.47,39.6,39.13,39.26,1738800.0
2012-08-23,30.77,39.35,39.48,39.14,39.45,1792800.0
2012-08-24,31.04,39.7,39.79,39.16,39.23,1976700.0
2012-08-27,30.75,39.33,39.89,39.24,39.8,1713300.0
2012-08-28,30.8,39.39,39.7,39.17,39.18,1839900.0
2012-08-29,30.77,39.35,39.51,39.2,39.51,1999500.0
2012-08-30,30.46,38.96,39.19,38.76,39.07,1309800.0
2012-08-31,30.6,39.13,39.37,38.93,39.24,1247100.0
2012-09-04,30.65,39.2,39.35,38.87,39.03,1623900.0
2012-09-05,30.5,39.01,39.46,38.93,39.31,1372800.0
2012-09-06,31.43,40.19,40.23,39.37,39.37,1346700.0
2012-09-07,31.63,40.45,40.49,40.13,40.31,2163900.0
2012-09-10,31.63,40.45,40.72,40.31,40.33,1374600.0
2012-09-11,31.77,40.63,40.83,40.31,40.45,1284000.0
2012-09-12,32.24,41.23,41.26,40.66,40.73,1533900.0
2012-09-13,32.94,42.13,42.23,40.99,41.29,2010300.0
2012-09-14,33.36,42.67,42.73,42.04,42.1,1863600.0
2012-09-17,32.97,42.17,42.72,42.07,42.5,1659300.0
2012-09-18,32.67,41.78,42.22,41.62,42.06,1927800.0
2012-09-19,32.89,42.07,42.15,41.6,42.0,1857300.0
2012-09-20,32.67,41.78,42.0,41.53,41.83,2088900.0
2012-09-21,32.61,41.71,42.28,41.66,41.78,2817300.0
2012-09-24,32.67,41.79,42.03,41.31,41.54,1563600.0
2012-09-25,32.42,41.46,42.2,41.44,42.11,2163600.0
2012-09-26,32.2,41.09,41.58,41.0,41.56,1615800.0
2012-09-27,32.61,41.61,41.73,41.09,41.38,1446300.0
2012-09-28,32.67,41.69,41.75,41.15,41.4,2290800.0
2012-10-01,32.87,41.95,42.54,41.77,41.77,2510400.0
2012-10-02,32.92,42.01,42.19,41.76,42.1,1397100.0
2012-10-03,33.02,42.14,42.33,41.64,42.24,1285800.0
2012-10-04,33.77,43.09,43.1,42.29,42.37,1890600.0
2012-10-05,33.78,43.11,43.75,42.88,43.18,1535700.0
2012-10-08,33.73,43.04,43.18,42.76,42.78,1162500.0
2012-10-09,33.59,42.86,43.24,42.66,43.13,1245300.0
2012-10-10,33.26,42.44,42.99,42.27,42.91,1643100.0
2012-10-11,33.51,42.76,43.09,42.68,42.93,1047000.0
2012-10-12,33.25,42.43,43.01,42.25,42.79,1315500.0
2012-10-15,33.64,42.93,43.45,42.32,43.45,1443900.0
2012-10-16,34.31,43.78,43.93,42.99,43.01,1774500.0
2012-10-17,34.83,44.45,44.63,43.63,43.91,2626500.0
2012-10-18,34.79,44.4,44.64,44.09,44.33,1712700.0
2012-10-19,34.1,43.51,44.48,43.45,44.36,2082600.0
2012-10-22,34.25,43.7,43.92,43.32,43.36,1514400.0
2012-10-23,33.47,42.71,43.09,42.48,43.05,2365500.0
2012-10-24,33.54,42.8,43.13,42.66,43.06,1926000.0
2012-10-25,33.0,42.11,42.55,41.59,42.33,3450600.0
2012-10-26,33.44,42.67,42.89,41.78,42.77,2569800.0
2012-10-29,,,,,,
2012-10-31,33.38,42.6,42.93,42.26,42.68,2169000.0
2012-11-01,34.62,44.18,44.19,42.34,42.62,2672100.0
2012-11-02,34.47,43.98,44.55,43.98,44.35,3042900.0
2012-11-05,34.23,43.68,44.03,43.31,43.84,1718400.0
2012-11-06,34.52,44.06,44.35,43.76,43.81,1412400.0
2012-11-07,33.77,43.09,43.79,42.64,42.82,2154900.0
2012-11-08,33.46,42.7,43.74,42.7,43.09,1936500.0
2012-11-09,33.67,42.97,43.29,42.23,42.62,2277900.0
2012-11-12,33.82,43.16,43.26,42.9,43.17,1718700.0
2012-11-13,33.92,43.29,43.83,42.66,42.89,1837500.0
2012-11-14,33.29,42.48,43.67,42.37,43.39,1920600.0
2012-11-15,33.36,42.57,42.97,42.19,42.54,2378100.0
2012-11-16,33.47,42.71,43.33,42.03,42.89,2445600.0
2012-11-19,34.11,43.53,43.53,42.88,43.16,2960700.0
2012-11-20,34.14,43.57,43.76,42.93,43.37,1795800.0
2012-11-21,34.38,43.87,43.88,43.43,43.61,1049700.0
2012-11-23,34.79,44.39,44.39,43.92,44.13,451200.0
2012-11-26,34.49,44.02,44.31,43.69,44.03,1488900.0
2012-11-27,34.39,43.88,44.07,43.71,43.89,1682700.0
2012-11-28,34.36,43.84,43.97,43.37,43.62,1749000.0
2012-11-29,34.64,44.21,44.37,43.91,44.15,948900.0
2012-11-30,34.49,44.01,44.24,43.9,44.24,2117400.0
2012-12-03,34.5,44.02,44.32,43.93,44.32,2181900.0
2012-12-04,34.41,42.91,43.21,42.69,43.02,1466700.0
2012-12-05,34.1,42.53,43.33,42.27,42.97,2357700.0
2012-12-06,34.03,42.44,42.59,42.07,42.54,2160900.0
2012-12-07,34.13,42.56,42.82,42.21,42.61,1206900.0
2012-12-10,34.05,42.47,42.63,42.28,42.49,1922400.0
2012-12-11,34.05,42.46,42.65,42.24,42.38,2031900.0
2012-12-12,33.92,42.21,42.67,42.11,42.46,2098500.0
2012-12-13,33.97,42.27,42.42,42.05,42.19,1733100.0
2012-12-14,34.02,42.33,42.67,42.13,42.24,2377500.0
2012-12-17,34.51,42.94,43.01,42.2,42.57,2054400.0
2012-12-18,34.42,42.82,43.07,42.74,43.07,2880300.0
2012-12-19,34.51,42.94,43.46,42.76,42.93,1704600.0
2012-12-20,34.67,43.14,43.31,42.86,43.03,1792500.0
2012-12-21,34.38,42.78,42.89,42.5,42.5,3511800.0
2012-12-24,34.4,42.8,42.98,42.24,42.74,1436700.0
2012-12-26,33.92,42.21,42.83,42.2,42.83,1155000.0
2012-12-27,33.84,42.1,42.28,41.59,42.28,1538100.0
2012-12-28,33.4,41.55,41.99,41.52,41.74,1482300.0
2012-12-31,33.67,41.9,42.0,41.34,41.51,2783100.0
2013-01-02,34.82,43.32,43.33,42.67,42.87,1933200.0
2013-01-03,34.77,43.26,43.53,43.06,43.36,2237700.0
2013-01-04,35.22,43.82,43.87,43.29,43.39,1828500.0
2013-01-07,34.97,43.51,43.74,43.38,43.52,1923300.0
2013-01-08,35.41,44.06,44.06,43.12,43.5,2694000.0
2013-01-09,35.19,43.79,44.16,43.6,44.16,2392200.0
2013-01-10,35.9,44.67,44.7,43.97,44.11,2214600.0
2013-01-11,36.34,45.22,45.24,44.48,44.64,2075700.0
2013-01-14,36.32,45.19,45.3,44.87,45.15,1483500.0
2013-01-15,36.33,45.2,45.27,44.88,44.88,1013700.0
2013-01-16,36.32,45.19,45.42,44.93,45.16,1533000.0
2013-01-17,36.4,45.29,45.59,45.21,45.3,1797000.0
2013-01-18,35.73,44.46,44.53,43.89,44.17,7918200.0
2013-01-22,35.73,44.46,44.69,44.32,44.45,3216600.0
2013-01-23,35.56,44.25,44.48,44.18,44.32,2758500.0
2013-01-24,35.6,44.3,44.72,44.18,44.36,1992900.0
2013-01-25,36.03,44.83,44.83,44.29,44.46,2803800.0
2013-01-28,36.44,45.34,45.46,44.65,44.77,3410400.0
2013-01-29,36.95,45.97,46.15,45.02,45.33,3354900.0
2013-01-30,36.79,45.77,46.06,45.7,45.99,2038800.0
2013-01-31,36.67,45.63,45.88,45.45,45.69,3416400.0
2013-02-01,37.44,46.59,46.94,45.36,46.68,3899100.0
2013-02-04,37.17,46.25,46.76,46.15,46.4,2853300.0
2013-02-05,37.54,46.71,46.82,46.36,46.46,1700700.0
2013-02-06,37.66,46.85,46.89,46.28,46.28,2311800.0
2013-02-07,37.41,46.54,46.91,46.24,46.63,1579800.0
2013-02-08,37.56,46.73,46.89,46.54,46.61,1263300.0
2013-02-11,37.55,46.72,46.83,46.56,46.65,1322100.0
2013-02-12,38.11,47.42,47.47,46.93,46.97,2490300.0
2013-02-13,38.19,47.52,47.59,47.22,47.41,1505700.0
2013-02-14,38.69,48.14,48.18,47.13,47.35,2801700.0
2013-02-15,38.73,48.19,48.2,47.85,48.02,2812200.0
2013-02-19,39.13,48.69,48.71,48.04,48.18,2190000.0
2013-02-20,38.33,47.69,48.66,47.67,48.59,2912400.0
2013-02-21,37.73,46.95,47.6,46.87,47.6,2008800.0
2013-02-22,38.37,47.75,47.76,47.27,47.27,1583400.0
2013-02-25,37.49,46.65,48.06,46.65,48.0,1865100.0
2013-02-26,37.37,46.5,47.12,46.37,46.9,2079000.0
2013-02-27,37.99,47.27,47.4,46.36,46.46,994200.0
2013-02-28,37.84,47.08,47.48,47.05,47.28,1626000.0
2013-03-01,37.73,46.94,47.02,46.32,46.69,2821200.0
2013-03-04,38.13,47.44,47.48,46.72,46.92,1184700.0
2013-03-05,38.86,48.36,48.57,47.73,47.73,2238600.0
2013-03-06,39.17,48.73,48.87,48.47,48.63,1371600.0
2013-03-07,39.17,48.73,48.83,48.45,48.81,1424400.0
2013-03-08,39.34,48.95,49.15,48.46,49.09,1246500.0
2013-03-11,39.64,49.32,49.33,48.8,48.85,1366800.0
2013-03-12,39.69,49.38,49.44,49.04,49.33,1351200.0
2013-03-13,39.87,49.61,49.7,49.25,49.38,1893600.0
2013-03-14,40.21,50.03,50.2,49.72,49.79,1900200.0
2013-03-15,40.16,49.97,50.06,48.29,49.88,3665400.0
2013-03-18,39.7,49.4,49.6,49.32,49.41,2824200.0
2013-03-19,39.62,49.29,49.7,48.99,49.53,1735500.0
2013-03-20,39.95,49.71,49.95,49.53,49.64,1764000.0
2013-03-21,39.42,49.05,49.61,49.0,49.46,1741500.0
2013-03-22,39.82,49.55,49.56,49.15,49.32,1221900.0
2013-03-25,39.77,49.49,49.89,49.34,49.75,1395600.0
2013-03-26,40.46,50.24,50.27,49.4,49.62,2391000.0
2013-03-27,40.15,49.86,49.91,49.56,49.79,1442100.0
2013-03-28,40.48,50.27,50.35,49.73,49.88,1516500.0
2013-04-01,40.18,49.9,50.45,49.72,50.22,1114800.0
2013-04-02,40.43,50.2,50.33,49.84,50.03,1200600.0
2013-04-03,39.19,48.66,50.28,48.5,50.28,1702200.0
2013-04-04,40.06,49.74,49.81,48.66,48.66,2992500.0
2013-04-05,39.74,49.36,49.42,48.57,48.84,1604700.0
2013-04-08,40.12,49.82,49.84,49.04,49.39,1045800.0
2013-04-09,40.73,50.58,50.82,49.75,49.9,1869900.0
2013-04-10,41.66,51.73,51.95,50.78,50.84,2057700.0
2013-04-11,41.88,52.0,52.21,51.38,51.66,1427400.0
2013-04-12,41.68,51.76,51.94,51.35,51.77,1034100.0
2013-04-15,40.32,50.07,51.67,50.06,51.61,1307400.0
2013-04-16,41.02,50.94,51.0,50.18,50.5,1569300.0
2013-04-17,39.68,49.27,50.4,49.0,50.4,1881600.0
2013-04-18,38.85,48.24,49.51,48.03,49.37,1796100.0
2013-04-19,39.41,48.94,49.06,48.36,48.51,1699800.0
2013-04-22,39.79,49.41,49.53,48.68,49.16,1146000.0
2013-04-23,40.74,50.6,50.72,49.47,49.51,1618800.0
2013-04-24,40.92,50.82,51.07,50.55,50.81,1511400.0
2013-04-25,41.37,51.37,51.54,50.78,51.09,1327500.0
2013-04-26,41.23,51.2,51.63,51.13,51.38,1367400.0
2013-04-29,41.57,51.63,51.8,51.24,51.36,1115100.0
2013-04-30,41.51,51.55,52.75,51.4,51.8,1891200.0
2013-05-01,41.23,51.21,51.84,51.07,51.57,2048400.0
2013-05-02,41.07,51.0,51.2,50.68,51.19,2222700.0
2013-05-03,41.98,52.14,52.33,51.5,51.63,1612500.0
2013-05-06,42.35,52.59,52.78,51.96,52.19,1246800.0
2013-05-07,42.62,52.93,52.99,52.31,52.75,1026000.0
2013-05-08,43.06,53.47,53.52,52.76,52.95,1748100.0
2013-05-09,42.77,53.11,53.77,53.05,53.47,1709400.0
2013-05-10,43.27,53.74,53.74,53.02,53.16,919500.0
2013-05-13,43.78,54.36,54.78,54.0,54.0,1995600.0
2013-05-14,44.94,55.8,55.89,54.33,54.45,1773000.0
2013-05-15,44.72,55.53,55.67,54.86,55.56,2295300.0
2013-05-16,44.54,55.32,56.25,55.15,55.3,1888800.0
2013-05-17,45.18,56.11,56.13,55.06,55.57,1606200.0
2013-05-20,45.05,55.95,56.54,55.86,55.98,977400.0
2013-05-21,44.35,55.08,55.87,55.02,55.64,3039000.0
2013-05-22,43.93,54.55,56.24,54.26,55.22,2136900.0
2013-05-23,43.49,54.01,54.19,53.21,53.57,2218200.0
2013-05-24,43.74,54.31,54.36,53.34,53.54,1311000.0
2013-05-28,44.24,54.94,55.73,54.89,54.98,1856100.0
2013-05-29,43.47,53.99,55.04,53.68,54.55,2078700.0
2013-05-30,43.28,53.75,54.67,53.69,54.06,2517300.0
2013-05-31,41.55,51.6,53.91,51.55,53.66,5000700.0
2013-06-03,41.73,51.83,51.92,50.17,51.67,4302900.0
2013-06-04,41.41,51.42,52.44,50.99,51.83,3481200.0
2013-06-05,39.86,49.5,51.52,49.4,51.39,5089200.0
2013-06-06,40.13,49.84,49.88,49.24,49.54,4744800.0
2013-06-07,40.39,50.15,50.22,49.68,49.97,3617400.0
2013-06-10,40.37,50.13,50.43,50.02,50.33,2906700.0
2013-06-11,39.49,49.04,49.87,48.82,49.43,3470400.0
2013-06-12,38.46,47.77,49.96,47.6,49.96,4640700.0
2013-06-13,39.48,49.03,49.19,47.56,47.75,4645800.0
2013-06-14,39.49,49.04,49.45,49.0,49.13,4568700.0
2013-06-17,39.53,49.09,49.61,48.85,49.32,3201000.0
2013-06-18,40.51,50.31,50.38,48.96,49.19,2328300.0
2013-06-19,39.05,48.49,50.24,48.47,50.2,4308900.0
2013-06-20,36.96,45.81,48.0,45.72,48.0,6586500.0
2013-06-21,36.85,45.67,46.56,45.5,46.56,6136200.0
2013-06-24,36.03,44.66,45.5,44.22,45.5,5026800.0
2013-06-25,36.92,45.75,45.98,44.96,45.25,2987400.0
2013-06-26,36.95,45.8,46.26,45.67,46.17,4122600.0
2013-06-27,37.37,46.31,46.49,45.92,46.14,2818500.0
2013-06-28,36.58,45.34,46.21,45.12,46.17,6092100.0
2013-07-01,37.27,46.19,46.49,45.63,45.63,3964500.0
2013-07-02,37.18,46.08,46.63,45.68,46.15,3371700.0
2013-07-03,37.11,45.99,46.17,45.58,45.75,1761900.0
2013-07-05,36.83,45.65,46.33,45.44,46.17,4059000.0
2013-07-08,36.91,45.75,46.24,45.43,46.02,4081800.0
2013-07-09,37.51,46.49,46.53,45.52,46.0,3641700.0
2013-07-10,36.84,45.66,46.76,45.57,46.76,4790700.0
2013-07-11,37.64,46.64,47.0,46.11,46.28,5418600.0
2013-07-12,38.59,47.83,47.86,47.1,47.1,3421500.0
2013-07-15,38.84,48.14,48.25,47.5,47.83,2658000.0
2013-07-16,38.97,48.3,48.66,48.07,48.14,2954700.0
2013-07-17,39.35,48.77,49.15,48.57,48.8,3105900.0
2013-07-18,39.3,48.71,48.93,48.43,48.91,2364300.0
2013-07-19,39.22,48.61,48.73,48.02,48.62,2478000.0
2013-07-22,40.02,49.6,49.65,48.57,48.62,2412600.0
2013-07-23,39.7,49.2,49.63,49.04,49.55,1986900.0
2013-07-24,39.35,48.77,49.55,48.65,49.41,3243900.0
2013-07-25,38.72,47.98,48.84,47.73,48.66,6413400.0
2013-07-26,39.26,48.66,48.67,47.45,47.98,2453700.0
2013-07-29,38.79,48.08,49.17,47.55,49.13,3284600.0
2013-07-30,39.32,48.73,49.0,48.27,48.27,2507700.0
2013-07-31,39.44,48.88,49.41,48.62,48.99,2167200.0
2013-08-01,40.35,50.01,50.33,49.31,49.35,2018400.0
2013-08-02,40.25,49.89,50.13,49.61,49.78,1197300.0
2013-08-05,40.41,50.08,50.39,49.79,50.01,1666500.0
2013-08-06,39.87,49.41,50.32,49.33,50.0,2372500.0
2013-08-07,39.86,49.4,49.63,49.02,49.22,1640900.0
2013-08-08,39.94,49.5,49.95,49.27,49.76,1407100.0
2013-08-09,39.79,49.31,49.87,49.24,49.49,1550200.0
2013-08-12,39.1,48.46,49.03,48.19,49.0,2569500.0
2013-08-13,39.62,49.1,49.17,48.17,48.67,1518400.0
2013-08-14,39.26,48.66,49.21,48.45,49.05,1512900.0
2013-08-15,38.16,47.3,48.19,47.0,48.19,2123200.0
2013-08-16,37.66,46.68,47.3,46.34,47.11,3023800.0
2013-08-19,37.36,46.3,46.84,46.28,46.68,1833400.0
2013-08-20,37.79,46.84,47.0,46.25,46.3,1534000.0
2013-08-21,37.48,46.45,47.14,46.23,46.61,1413800.0
2013-08-22,38.53,47.75,48.14,46.6,46.63,1725500.0
2013-08-23,37.9,46.97,47.81,46.88,47.81,1621400.0
2013-08-26,37.85,46.91,47.48,46.91,47.0,1731300.0
2013-08-27,36.47,45.2,46.36,45.15,46.28,2250900.0
2013-08-28,36.51,45.25,45.87,45.12,45.29,1774400.0
2013-08-29,37.26,46.18,46.42,45.06,45.15,2108500.0
2013-08-30,37.25,46.16,46.47,45.68,46.25,2903800.0
2013-09-03,37.62,46.62,46.99,46.19,46.68,2794000.0
2013-09-04,37.87,46.94,47.02,46.2,46.45,2093400.0
2013-09-05,37.23,46.14,47.32,46.01,46.79,2317000.0
2013-09-06,38.01,47.11,47.17,45.95,46.2,3059600.0
2013-09-09,38.0,47.1,47.38,46.85,47.2,2244000.0
2013-09-10,38.54,47.76,48.01,47.34,47.42,1889100.0
2013-09-11,38.97,48.3,48.32,47.74,47.82,3253100.0
2013-09-12,38.89,48.2,48.38,47.9,48.16,2757500.0
2013-09-13,39.17,48.55,48.72,48.11,48.24,1674700.0
2013-09-16,40.5,50.19,50.43,49.31,49.48,2801900.0
2013-09-17,40.78,50.54,50.82,50.26,50.34,2753100.0
2013-09-18,42.5,52.67,52.9,50.18,50.51,5008800.0
2013-09-19,42.28,52.4,54.36,52.18,53.03,5108300.0
2013-09-20,41.71,51.69,52.66,51.54,52.66,4379800.0
2013-09-23,41.0,50.81,51.69,50.8,51.65,2534200.0
2013-09-24,40.91,50.7,51.29,50.53,50.88,2177900.0
2013-09-25,40.7,50.44,51.0,50.2,50.84,1615800.0
2013-09-26,41.2,50.96,51.0,50.35,50.35,1927300.0
2013-09-27,41.09,50.82,50.88,50.4,50.49,1494700.0
2013-09-30,40.87,50.55,50.76,50.0,50.09,2155100.0
2013-10-01,41.11,50.85,51.11,50.55,50.58,1204200.0
2013-10-02,41.17,50.92,51.06,50.19,50.48,1659400.0
2013-10-03,41.2,50.96,51.12,50.02,50.72,2094100.0
2013-10-04,41.77,51.67,51.73,51.0,51.0,1715900.0
2013-10-07,41.09,50.82,51.37,50.76,51.15,1978300.0
2013-10-08,40.04,49.52,50.89,49.49,50.84,2720500.0
2013-10-09,40.45,50.03,50.53,49.86,49.91,2175900.0
2013-10-10,41.35,51.15,51.26,50.75,50.75,4442500.0
2013-10-11,41.45,51.27,51.41,50.9,51.07,2363100.0
2013-10-14,41.6,51.45,51.47,50.51,50.8,1448600.0
2013-10-15,41.32,51.11,51.67,50.95,51.37,1862200.0
2013-10-16,42.21,52.21,52.46,51.57,51.7,1963600.0
2013-10-17,43.26,53.51,53.6,51.8,51.97,1917200.0
2013-10-18,43.54,53.85,53.95,53.36,53.69,2444300.0
2013-10-21,43.54,53.85,53.93,53.39,53.79,1856000.0
2013-10-22,43.79,54.16,54.36,53.82,54.08,2041800.0
2013-10-23,43.89,54.29,54.32,53.77,54.03,1878100.0
2013-10-24,44.05,54.48,54.57,52.2,52.96,4063000.0
2013-10-25,44.06,54.5,54.98,54.44,54.65,2678900.0
2013-10-28,43.99,54.41,54.71,54.19,54.53,3091600.0
2013-10-29,44.21,54.68,54.86,54.41,54.43,1788900.0
2013-10-30,43.85,54.24,55.18,54.19,54.79,4396900.0
2013-10-31,43.54,53.86,54.48,53.86,54.34,2214700.0
2013-11-01,43.64,53.98,54.34,53.76,54.03,2088700.0
2013-11-04,43.49,53.79,54.16,53.64,54.08,1241000.0
2013-11-05,42.38,52.42,53.53,52.4,53.5,2642400.0
2013-11-06,42.91,53.08,53.31,52.67,52.82,1589800.0
2013-11-07,42.01,51.96,53.42,51.9,53.42,2278300.0
2013-11-08,42.26,52.27,52.32,50.75,51.84,4778600.0
2013-11-11,41.94,51.88,53.19,51.62,52.35,2129500.0
2013-11-12,42.61,52.71,52.78,51.56,51.88,3495700.0
2013-11-13,43.22,53.46,53.49,52.33,52.33,2152100.0
2013-11-14,43.88,54.27,54.43,53.5,53.5,1811200.0
2013-11-15,43.78,54.15,54.6,53.8,54.47,1901500.0
2013-11-18,43.5,53.81,54.34,53.74,54.25,1890200.0
2013-11-19,43.49,53.79,54.15,53.48,53.68,1542800.0
2013-11-20,43.32,53.58,54.35,53.35,53.7,1819500.0
2013-11-21,44.08,54.52,54.58,53.71,53.91,1145600.0
2013-11-22,44.99,55.65,55.7,54.6,54.99,1866700.0
2013-11-25,44.81,55.42,55.77,55.38,55.72,1677800.0
2013-11-26,44.57,55.13,55.45,55.13,55.3,1183600.0
2013-11-27,44.85,55.47,55.51,55.06,55.14,1164600.0
2013-11-29,44.78,55.39,55.77,55.34,55.64,1145200.0
2013-12-02,44.88,55.51,55.96,55.25,55.43,1944000.0
2013-12-03,44.37,54.88,55.38,54.52,55.24,2278400.0
2013-12-04,44.1,54.55,54.98,54.05,54.36,1903700.0
2013-12-05,43.73,54.09,54.47,53.96,54.29,3361400.0
2013-12-06,44.13,54.58,54.88,54.42,54.88,2170200.0
2013-12-09,45.03,55.7,55.77,54.37,54.66,2571100.0
2013-12-10,44.46,54.99,55.54,54.58,55.54,2637800.0
2013-12-11,43.48,53.78,55.07,53.63,55.04,2654100.0
2013-12-12,43.41,53.7,54.05,53.57,53.73,1589400.0
2013-12-13,43.67,54.02,54.26,53.62,53.95,3952200.0
2013-12-16,44.18,54.65,54.88,54.23,54.41,1349300.0
2013-12-17,44.01,54.43,54.71,53.82,54.55,2253600.0
2013-12-18,45.3,56.03,56.07,53.98,54.82,3120600.0
2013-12-19,45.01,55.67,55.92,55.31,55.88,2691400.0
2013-12-20,45.48,56.25,56.9,55.49,55.79,3769000.0
2013-12-23,45.74,56.58,56.99,56.41,56.91,1201200.0
2013-12-24,45.86,56.73,56.77,56.36,56.55,456900.0
2013-12-26,46.23,57.18,57.32,56.38,56.79,1762200.0
2013-12-27,46.37,57.23,57.44,56.9,57.03,1567700.0
2013-12-30,46.33,57.19,57.52,56.99,57.12,1108400.0
2013-12-31,46.77,57.73,57.85,57.14,57.2,1175300.0
2014-01-02,45.95,56.72,57.56,56.41,57.36,1092100.0
2014-01-03,46.24,57.08,57.59,56.72,56.74,1155200.0
2014-01-06,46.42,57.3,57.98,57.06,57.63,1409400.0
2014-01-07,46.17,56.99,57.83,56.97,57.54,2258900.0
2014-01-08,45.98,56.75,57.35,56.55,57.31,1756600.0
2014-01-09,46.2,57.02,57.29,56.66,57.0,2245800.0
2014-01-10,46.83,57.8,57.87,56.63,56.82,2166700.0
2014-01-13,46.0,56.78,57.94,56.64,57.66,2063900.0
2014-01-14,46.99,58.0,58.1,57.06,57.12,2258700.0
2014-01-15,47.11,58.15,58.16,57.09,58.1,2282000.0
2014-01-16,47.22,58.28,58.51,57.81,57.98,1420500.0
2014-01-17,47.4,58.51,58.75,58.09,58.31,2355300.0
2014-01-21,47.25,58.32,58.87,58.1,58.7,1829000.0
2014-01-22,47.05,58.07,58.62,57.71,58.42,1818400.0
2014-01-23,45.52,56.18,57.94,55.9,57.78,2992100.0
2014-01-24,43.43,53.6,55.6,53.57,55.55,3453800.0
2014-01-27,42.9,52.95,54.03,52.68,53.69,2866100.0
2014-01-28,43.5,53.69,53.92,53.1,53.28,1933600.0
2014-01-29,42.66,52.65,53.83,52.35,52.92,3862700.0
2014-01-30,42.76,52.78,54.71,52.64,53.51,2897600.0
2014-01-31,42.14,52.01,52.33,50.65,51.69,4677100.0
2014-02-03,40.67,50.2,52.1,50.15,51.94,4060100.0
2014-02-04,41.17,50.82,51.16,50.26,50.68,2482400.0
2014-02-05,40.97,50.57,50.73,49.92,50.69,1881200.0
2014-02-06,41.5,51.22,51.5,50.41,50.54,3254100.0
2014-02-07,42.25,52.15,52.25,51.5,51.61,4029200.0
2014-02-10,42.82,52.85,53.14,52.06,52.12,3362900.0
2014-02-11,42.79,52.81,53.31,52.06,52.53,4191200.0
2014-02-12,43.06,53.15,53.7,52.82,52.82,2588800.0
2014-02-13,43.04,53.13,53.39,52.51,52.58,2987400.0
2014-02-14,42.79,52.81,53.01,52.42,52.97,2438200.0
2014-02-18,43.48,53.67,53.73,52.94,53.16,2377900.0
2014-02-19,42.83,52.86,54.68,52.79,53.37,2480800.0
2014-02-20,42.57,52.54,53.23,52.51,52.99,1968500.0
2014-02-21,42.52,52.48,52.92,52.28,52.61,2041500.0
2014-02-24,43.36,53.52,53.8,52.39,52.44,2674800.0
2014-02-25,42.76,52.78,53.5,52.45,53.32,2122500.0
2014-02-26,42.26,52.16,53.14,52.04,52.91,2886400.0
2014-02-27,42.9,52.95,53.01,52.12,52.12,1806500.0
2014-02-28,43.14,53.25,53.56,52.64,52.91,2883000.0
2014-03-03,42.59,52.57,52.58,51.5,52.47,5424200.0
2014-03-04,43.3,53.45,54.0,53.36,53.54,4788300.0
2014-03-05,43.28,53.42,53.49,53.01,53.49,3827000.0
2014-03-06,43.43,53.6,53.93,53.44,53.7,6599500.0
2014-03-07,43.6,53.81,54.48,53.58,54.11,4133900.0
2014-03-10,43.1,53.2,53.88,52.81,53.81,2394800.0
2014-03-11,42.74,52.76,53.39,52.52,53.26,3081500.0
2014-03-12,42.8,52.83,52.93,52.24,52.48,2402800.0
2014-03-13,41.85,51.66,53.2,51.45,53.07,3844900.0
2014-03-14,41.42,51.12,52.09,51.0,51.59,3047300.0
2014-03-17,42.05,51.9,52.27,51.56,51.6,1519900.0
2014-03-18,42.37,52.3,52.61,51.91,51.99,2864700.0
2014-03-19,41.72,51.49,52.32,51.29,52.21,2198200.0
2014-03-20,42.18,52.06,52.29,50.88,51.29,2200300.0
2014-03-21,42.4,52.34,53.24,51.95,52.7,5590900.0
2014-03-24,42.18,52.06,52.43,51.94,52.4,1902500.0
2014-03-25,42.83,52.86,52.89,52.22,52.38,3243800.0
2014-03-26,43.49,53.68,54.95,53.13,53.27,5372400.0
2014-03-27,43.08,53.05,53.37,52.47,53.2,3018700.0
2014-03-28,43.58,53.67,54.07,52.93,53.21,2004100.0
2014-03-31,43.99,54.18,54.45,53.97,54.1,1789700.0
2014-04-01,44.19,54.42,54.69,54.06,54.44,1885300.0
2014-04-02,44.66,55.0,55.17,54.08,54.54,2034400.0
2014-04-03,44.33,54.59,55.16,54.2,55.05,2265600.0
2014-04-04,43.37,53.41,54.8,53.3,54.38,2023900.0
2014-04-07,42.3,52.09,53.3,52.06,53.24,2419000.0
2014-04-08,42.95,52.9,53.13,52.03,52.09,2450600.0
2014-04-09,43.33,53.36,53.53,52.66,53.1,1880200.0
2014-04-10,42.24,52.02,53.61,52.01,53.49,2028600.0
2014-04-11,42.06,51.8,52.35,51.24,51.6,3387400.0
2014-04-14,42.25,52.03,52.65,51.55,52.44,1648300.0
2014-04-15,42.14,51.9,52.7,51.17,52.32,2186000.0
2014-04-16,42.78,52.68,52.76,52.17,52.37,2851200.0
2014-04-17,43.6,53.7,53.83,52.68,52.73,1968700.0
2014-04-21,43.29,53.31,53.59,53.17,53.5,955600.0
2014-04-22,43.89,54.05,54.25,53.01,53.24,1416700.0
2014-04-23,43.86,54.01,54.43,53.86,54.05,1194600.0
2014-04-24,43.73,53.86,54.38,53.6,54.31,1230400.0
2014-04-25,42.85,52.77,53.77,52.49,53.61,2148700.0
2014-04-28,41.79,51.47,52.95,51.16,52.49,2562500.0
2014-04-29,41.87,51.57,51.97,51.33,51.83,2252900.0
2014-04-30,42.51,52.35,52.6,51.0,51.4,2235200.0
2014-05-01,42.65,52.52,52.72,52.07,52.38,1553800.0
2014-05-02,42.99,52.95,53.38,52.44,52.58,1750500.0
2014-05-05,42.63,52.5,52.86,52.01,52.55,1308300.0
2014-05-06,41.78,51.45,52.29,51.44,52.23,1706600.0
2014-05-07,43.12,53.11,53.14,51.78,51.79,2321200.0
2014-05-08,43.69,53.81,54.53,52.75,52.85,2716000.0
2014-05-09,44.5,54.8,55.0,53.61,53.91,2922800.0
2014-05-12,45.02,55.45,55.6,54.67,55.0,2195500.0
2014-05-13,45.17,55.63,56.06,55.36,55.45,2585500.0
2014-05-14,45.37,55.87,56.17,55.44,55.62,2474400.0
2014-05-15,44.1,54.31,55.6,54.13,55.52,3124400.0
2014-05-16,44.12,54.33,54.4,53.47,54.28,2231700.0
2014-05-19,44.63,54.96,55.1,54.24,54.36,1233500.0
2014-05-20,43.85,54.0,55.01,53.78,54.91,2000900.0
2014-05-21,44.5,54.81,54.91,54.32,54.34,1506700.0
2014-05-22,44.5,54.8,55.25,54.45,54.74,2340400.0
2014-05-23,44.66,55.0,55.22,54.75,54.98,1358100.0
2014-05-27,44.84,55.22,55.49,54.84,55.34,2093500.0
2014-05-28,44.87,55.26,55.65,55.03,55.45,1642600.0
2014-05-29,44.94,55.34,55.49,55.12,55.3,782400.0
2014-05-30,44.83,55.21,55.43,54.86,55.15,1108200.0
2014-06-02,44.95,55.36,55.55,54.93,55.42,1036000.0
2014-06-03,44.84,55.22,55.39,54.99,55.26,1095300.0
2014-06-04,45.24,55.71,55.8,55.02,55.16,1303900.0
2014-06-05,45.51,56.05,56.13,55.21,55.91,1436400.0
2014-06-06,45.95,56.59,57.01,56.14,56.33,1452600.0
2014-06-09,45.94,56.58,56.81,56.44,56.59,1809000.0
2014-06-10,46.07,56.74,56.95,55.44,56.51,1348300.0
2014-06-11,45.67,56.25,56.59,56.13,56.34,993700.0
2014-06-12,45.49,56.02,56.38,55.8,56.15,1194600.0
2014-06-13,45.15,55.61,56.23,55.42,56.13,1281500.0
2014-06-16,44.94,55.34,55.95,55.15,55.84,1465700.0
2014-06-17,45.61,56.17,56.46,54.94,55.24,1485300.0
2014-06-18,47.23,58.16,58.22,56.67,56.91,3483300.0
2014-06-19,46.99,57.87,58.42,57.74,58.21,1388900.0
2014-06-20,47.13,58.04,58.29,57.74,58.21,2052800.0
2014-06-23,47.16,58.08,58.26,57.85,58.09,1422600.0
2014-06-24,46.66,57.46,58.27,57.38,57.87,1332800.0
2014-06-25,46.66,57.47,57.64,57.01,57.5,1720100.0
2014-06-26,46.75,57.45,57.78,57.07,57.61,1515900.0
2014-06-27,46.87,57.6,57.76,57.13,57.13,2305800.0
2014-06-30,47.06,57.84,57.98,57.1,57.1,1322000.0
2014-07-01,46.75,57.46,57.99,57.46,57.64,2264800.0
2014-07-02,46.8,57.52,57.57,57.08,57.49,1567900.0
2014-07-03,47.37,58.22,58.28,57.6,57.77,1199900.0
2014-07-07,46.95,57.7,58.02,57.43,57.96,827500.0
2014-07-08,46.45,57.08,57.62,56.99,57.5,1289000.0
2014-07-09,46.82,57.54,58.13,57.12,57.43,1610500.0
2014-07-10,46.22,56.8,57.17,56.35,56.7,1366400.0
2014-07-11,46.45,57.09,57.37,56.59,56.72,1345000.0
2014-07-14,46.65,57.33,57.71,57.16,57.63,881100.0
2014-07-15,46.75,57.46,57.75,57.05,57.05,1328500.0
2014-07-16,46.96,57.71,57.95,57.31,57.64,1012000.0
2014-07-17,46.15,56.72,57.83,56.69,57.36,1381300.0
2014-07-18,46.84,57.56,57.76,56.86,56.96,1189200.0
2014-07-21,46.65,57.33,57.54,56.84,57.09,1288200.0
2014-07-22,47.15,57.95,58.02,57.42,57.5,1376100.0
2014-07-23,47.25,58.07,58.17,57.72,57.96,1073900.0
2014-07-24,46.97,57.72,58.2,57.62,58.07,1958000.0
2014-07-25,46.57,57.23,57.58,57.1,57.4,901700.0
2014-07-28,46.71,57.41,57.65,57.08,57.19,1343400.0
2014-07-29,46.46,57.1,57.85,57.01,57.41,1183600.0
2014-07-30,45.62,56.07,57.27,54.81,57.25,3026600.0
2014-07-31,44.06,54.15,55.26,54.14,55.02,3621200.0
2014-08-01,43.66,53.66,54.56,53.34,53.52,2279600.0
2014-08-04,43.91,53.97,54.1,53.65,53.96,2119700.0
2014-08-05,43.26,53.17,54.11,53.0,53.55,3049700.0
2014-08-06,44.11,54.21,54.47,52.65,53.08,1989700.0
2014-08-07,43.54,53.51,54.68,53.39,54.39,1254100.0
2014-08-08,44.16,54.27,54.32,53.38,53.62,1314600.0
2014-08-11,44.31,54.45,54.74,54.17,54.44,1042900.0
2014-08-12,44.18,54.3,54.76,53.92,54.37,1524000.0
2014-08-13,44.26,54.39,54.76,54.35,54.53,1162300.0
2014-08-14,44.63,54.85,54.89,54.33,54.46,1014100.0
2014-08-15,44.58,54.79,55.09,54.21,55.05,2597500.0
2014-08-18,44.96,55.26,55.57,55.02,55.08,1174100.0
2014-08-19,45.0,55.3,55.38,55.04,55.27,981200.0
2014-08-20,45.27,55.64,55.89,55.12,55.25,1554400.0
2014-08-21,45.71,56.18,56.34,55.63,55.74,1263700.0
2014-08-22,45.32,55.7,56.31,55.65,56.08,1293500.0
2014-08-25,45.87,56.37,56.65,55.99,56.24,956200.0
2014-08-26,46.07,56.62,56.82,56.22,56.25,1061000.0
2014-08-27,46.0,56.53,56.87,56.34,56.69,864700.0
2014-08-28,45.73,56.2,56.29,55.87,56.18,777000.0
2014-08-29,45.99,56.52,56.71,56.15,56.39,1002500.0
2014-09-02,46.05,56.6,56.85,56.19,56.69,1560400.0
2014-09-03,45.97,56.49,57.1,56.25,56.77,1118500.0
2014-09-04,45.98,56.51,57.25,56.31,56.53,1234000.0
2014-09-05,46.24,56.83,56.86,56.03,56.44,1316900.0
2014-09-08,45.91,56.42,56.73,56.08,56.6,1398600.0
2014-09-09,45.42,55.82,56.32,55.68,56.32,1578500.0
2014-09-10,45.24,55.6,56.23,55.42,55.87,1507900.0
2014-09-11,45.39,55.78,55.88,55.35,55.35,1324300.0
2014-09-12,45.12,55.45,56.07,55.28,55.78,1408300.0
2014-09-15,45.06,55.38,55.44,55.14,55.42,973700.0
2014-09-16,45.29,55.66,55.9,54.91,55.28,1203300.0
2014-09-17,45.42,55.82,56.26,55.61,55.76,1447200.0
2014-09-18,46.11,56.67,56.69,56.12,56.12,1331900.0
2014-09-19,45.41,55.81,56.98,55.64,56.86,3542600.0
2014-09-22,44.8,55.06,55.79,54.95,55.75,1046400.0
2014-09-23,44.5,54.69,55.44,54.67,54.96,1329400.0
2014-09-24,45.15,55.49,55.51,54.65,54.81,1209100.0
2014-09-25,44.31,54.45,55.31,54.12,55.12,1986900.0
2014-09-26,44.85,55.0,55.43,54.55,54.69,2306100.0
2014-09-29,44.69,54.8,54.93,54.04,54.28,2369600.0
2014-09-30,44.53,54.61,55.07,54.47,54.98,2174500.0
2014-10-01,44.17,54.17,54.53,53.78,54.5,4745500.0
2014-10-02,44.49,54.56,54.69,53.7,54.05,3439300.0
2014-10-03,44.57,54.66,55.04,54.59,54.85,2381100.0
2014-10-06,44.45,54.51,55.12,54.27,55.07,1167900.0
2014-10-07,43.56,53.42,54.13,53.27,54.03,3059700.0
2014-10-08,43.96,53.91,54.0,52.66,53.41,2978400.0
2014-10-09,41.94,51.43,53.94,51.43,53.88,5221200.0
2014-10-10,41.39,50.75,51.56,50.56,51.38,3497300.0
2014-10-13,41.02,50.3,51.44,50.25,50.81,3315800.0
2014-10-14,41.39,50.75,51.2,50.51,50.53,3802500.0
2014-10-15,41.21,50.53,50.78,49.12,49.82,3322200.0
2014-10-16,41.52,50.92,51.3,49.3,49.32,2649000.0
2014-10-17,42.17,51.71,51.97,51.19,51.56,2673600.0
2014-10-20,42.32,51.89,51.94,51.18,51.41,2008600.0
2014-10-21,43.16,52.93,52.99,52.27,52.39,1693800.0
2014-10-22,42.5,52.12,52.97,52.08,52.94,1675900.0
2014-10-23,43.13,52.89,53.18,52.38,52.76,2132800.0
2014-10-24,43.55,53.41,53.49,52.49,52.7,1811100.0
2014-10-27,43.95,53.9,53.95,52.42,52.97,1710400.0
2014-10-28,44.33,54.36,54.39,53.73,54.17,1406000.0
2014-10-29,44.34,54.37,54.71,53.96,54.52,1594200.0
2014-10-30,44.68,54.79,55.0,54.13,54.13,1161500.0
2014-10-31,45.35,55.61,55.78,55.23,55.49,1415400.0
2014-11-03,45.36,55.62,55.94,55.29,55.59,1488600.0
2014-11-04,45.41,55.68,55.77,55.11,55.48,1108800.0
2014-11-05,45.56,55.87,56.19,55.7,55.98,1329500.0
2014-11-06,45.92,56.31,56.35,55.89,56.07,1050000.0
2014-11-07,46.47,56.98,57.03,56.04,56.3,1722900.0
2014-11-10,46.13,56.57,57.05,56.47,56.97,1461100.0
2014-11-11,46.47,56.99,57.05,56.57,56.61,1330600.0
2014-11-12,46.46,56.97,57.04,56.54,56.69,849700.0
2014-11-13,46.32,56.8,57.26,56.5,57.08,810100.0
2014-11-14,45.98,56.38,56.89,56.34,56.69,840300.0
2014-11-17,45.85,56.22,56.37,55.98,56.33,780900.0
2014-11-18,45.98,56.38,56.64,56.05,56.3,709500.0
2014-11-19,46.01,56.42,56.5,55.79,56.41,1081500.0
2014-11-20,46.12,56.56,56.84,55.96,55.97,1195700.0
2014-11-21,46.47,56.99,57.19,56.77,56.94,1255200.0
2014-11-24,46.52,57.04,57.45,56.81,57.26,952300.0
2014-11-25,46.58,57.12,57.27,56.63,57.04,1483000.0
2014-11-26,46.52,57.04,57.24,56.68,57.24,905100.0
2014-11-28,46.37,56.86,57.22,56.79,57.22,660800.0
2014-12-01,46.53,57.06,57.27,56.36,56.83,1801300.0
2014-12-02,46.99,57.62,57.73,56.88,57.22,1155400.0
2014-12-03,47.32,58.03,58.09,57.38,57.57,1119800.0
2014-12-04,47.27,57.96,58.0,57.26,57.97,1444200.0
2014-12-05,47.54,58.3,58.61,57.86,58.01,1463600.0
2014-12-08,47.98,58.84,59.43,58.11,58.4,1619000.0
2014-12-09,47.22,57.91,58.84,57.26,57.85,1904800.0
2014-12-10,46.07,56.49,57.95,56.3,57.8,2084600.0
2014-12-11,45.99,56.39,57.28,56.29,56.6,1169700.0
2014-12-12,44.0,53.96,56.09,53.94,55.82,2688500.0
2014-12-15,43.6,53.47,54.7,53.25,54.3,1978000.0
2014-12-16,43.51,53.35,54.28,52.27,52.98,3097600.0
2014-12-17,44.56,54.64,54.72,53.25,53.54,3361100.0
2014-12-18,45.74,56.09,56.1,55.05,55.35,1925500.0
2014-12-19,46.23,56.69,56.86,56.12,56.4,3796900.0
2014-12-22,46.29,56.76,56.98,56.42,56.86,1110800.0
2014-12-23,46.59,57.13,57.64,56.82,56.9,1246800.0
2014-12-24,46.47,56.99,57.34,56.96,57.19,381400.0
2014-12-26,46.59,57.13,57.44,57.1,57.24,851800.0
2014-12-29,46.56,56.45,57.07,56.3,56.52,1420900.0
2014-12-30,46.21,56.02,56.47,55.97,56.45,993200.0
2014-12-31,45.67,55.37,56.47,55.33,56.23,1033300.0
2015-01-02,45.77,55.49,55.91,54.95,55.85,1220300.0
2015-01-05,44.25,53.65,55.18,53.47,54.92,2452500.0
2015-01-06,43.39,52.6,53.94,52.19,53.92,3468100.0
2015-01-07,43.96,53.29,53.41,52.58,52.58,1852900.0
2015-01-08,44.53,53.99,54.0,53.25,53.65,3303200.0
2015-01-09,44.44,53.87,54.19,53.15,54.06,2120300.0
2015-01-12,43.54,52.78,53.78,52.43,53.71,1741200.0
2015-01-13,43.1,52.25,53.58,51.89,52.76,2412200.0
2015-01-14,42.47,51.49,51.6,50.66,51.19,2460100.0
2015-01-15,42.06,50.99,51.92,50.89,51.57,2018700.0
2015-01-16,42.73,51.8,51.85,50.49,50.78,2115200.0
2015-01-20,42.55,51.58,52.02,51.23,51.88,1853400.0
2015-01-21,42.95,52.07,52.29,51.08,51.53,2137400.0
2015-01-22,44.72,54.22,54.47,51.98,52.53,3242000.0
2015-01-23,43.97,53.31,54.17,53.27,54.03,1674200.0
2015-01-26,44.69,54.18,54.23,53.04,53.15,1567600.0
2015-01-27,43.94,53.27,53.73,53.04,53.47,1693700.0
2015-01-28,43.03,52.17,53.69,52.15,53.65,1942500.0
2015-01-29,43.43,52.65,52.75,51.76,52.11,2384700.0
2015-01-30,42.51,51.53,52.68,50.63,51.48,3167900.0
2015-02-02,43.16,52.32,52.38,51.01,51.16,3061200.0
2015-02-03,44.19,53.57,53.62,52.34,52.51,1865500.0
2015-02-04,43.67,52.94,53.52,52.86,53.19,1621800.0
2015-02-05,44.09,53.45,53.53,53.1,53.38,1524400.0
2015-02-06,44.11,53.48,54.0,53.31,53.61,1743500.0
2015-02-09,43.75,53.04,53.37,52.82,53.17,1683300.0
2015-02-10,44.16,53.54,53.73,52.84,53.4,1700900.0
2015-02-11,44.05,53.4,53.59,53.02,53.48,1140800.0
2015-02-12,44.28,53.68,53.83,53.38,53.67,1153500.0
2015-02-13,44.47,53.91,54.16,53.61,53.8,1285000.0
2015-02-17,44.63,54.11,54.18,53.69,53.87,1257800.0
2015-02-18,44.35,53.77,54.17,53.54,53.9,1150700.0
2015-02-19,44.43,53.86,54.02,53.45,53.67,1493300.0
2015-02-20,44.67,54.16,54.22,53.29,53.57,2102500.0
2015-02-23,44.49,53.94,54.08,53.73,54.08,1432400.0
2015-02-24,44.41,53.84,54.25,53.78,53.97,3683200.0
2015-02-25,44.73,54.23,54.46,53.87,53.89,2860800.0
2015-02-26,44.97,54.52,54.64,54.12,54.21,1631200.0
2015-02-27,44.4,53.83,54.72,53.81,54.67,1647300.0
2015-03-02,44.87,54.4,54.43,53.63,53.83,1132100.0
2015-03-03,44.41,53.84,54.44,53.52,54.09,1246900.0
2015-03-04,43.99,53.33,53.61,53.05,53.5,1326600.0
2015-03-05,44.6,54.07,54.13,53.19,53.43,1582500.0
2015-03-06,43.76,53.05,54.85,53.0,53.93,2487300.0
2015-03-09,43.97,53.3,53.43,52.97,53.2,2038500.0
2015-03-10,42.55,51.58,52.62,51.56,52.62,2591600.0
2015-03-11,42.73,51.8,52.06,51.53,51.62,1553700.0
2015-03-12,43.82,53.12,53.15,52.19,52.19,1960700.0
2015-03-13,43.32,52.52,53.05,51.84,53.0,2591500.0
2015-03-16,44.05,53.4,53.52,52.88,53.0,2088000.0
2015-03-17,43.46,52.69,53.08,52.33,52.82,1892300.0
2015-03-18,43.97,53.3,53.55,51.8,52.55,3529200.0
2015-03-19,43.44,52.66,53.09,52.29,53.03,1864300.0
2015-03-20,44.01,53.35,53.68,52.63,52.75,7521700.0
2015-03-23,44.3,53.7,54.04,53.46,53.49,1539900.0
2015-03-24,43.54,52.79,53.69,52.78,53.56,1077300.0
2015-03-25,42.65,51.7,52.88,51.68,52.85,1143700.0
2015-03-26,42.69,51.75,52.26,51.24,51.39,2122500.0
2015-03-27,42.26,51.08,51.48,50.89,51.33,1643900.0
2015-03-30,42.83,51.77,51.88,51.39,51.51,1858300.0
2015-03-31,42.46,51.32,51.65,51.22,51.28,1925200.0
2015-04-01,42.49,51.36,51.67,50.94,51.28,2246400.0
2015-04-02,42.68,51.59,51.81,51.18,51.25,1468900.0
2015-04-06,42.66,51.57,51.74,51.03,51.1,2873100.0
2015-04-07,42.6,51.5,52.01,51.46,51.51,1342900.0
2015-04-08,42.85,51.8,51.91,51.37,51.49,1180800.0
2015-04-09,43.13,52.14,52.27,51.47,51.76,1740200.0
2015-04-10,42.79,51.73,52.01,51.56,52.01,1562800.0
2015-04-13,42.94,51.91,52.36,51.7,51.73,1296000.0
2015-04-14,43.23,52.26,52.38,51.67,52.02,1284100.0
2015-04-15,43.42,52.49,52.63,52.29,52.34,2004100.0
2015-04-16,43.54,52.63,52.76,52.04,52.5,1238300.0
2015-04-17,42.34,51.18,52.16,51.04,52.15,2214400.0
2015-04-20,42.38,51.23,51.83,51.17,51.45,1820400.0
2015-04-21,42.42,51.28,51.63,51.11,51.5,1347100.0
2015-04-22,42.59,51.48,51.55,50.91,51.34,1394400.0
2015-04-23,42.92,51.88,52.04,51.25,51.45,1468500.0
2015-04-24,42.84,51.79,52.06,51.56,51.89,946100.0
2015-04-27,42.96,51.93,52.35,51.79,52.0,1607000.0
2015-04-28,43.12,52.12,52.17,51.61,51.82,1954200.0
2015-04-29,43.03,52.02,52.26,51.63,51.71,2381200.0
2015-04-30,42.65,51.56,52.12,51.49,51.85,3217400.0
2015-05-01,43.13,52.14,52.2,51.73,51.95,2589700.0
2015-05-04,43.36,52.41,52.55,52.14,52.14,2304700.0
2015-05-05,43.18,52.2,52.65,52.11,52.25,1646600.0
2015-05-06,42.89,51.84,52.48,51.61,52.47,1707800.0
2015-05-07,42.81,51.75,52.0,51.66,51.83,1765500.0
2015-05-08,43.26,52.29,52.48,52.07,52.34,1475700.0
2015-05-11,42.89,51.84,52.49,51.81,52.27,2130400.0
2015-05-12,42.64,51.54,51.74,50.93,51.59,1708100.0
2015-05-13,42.65,51.56,51.84,51.42,51.58,1248600.0
2015-05-14,43.13,52.14,52.18,51.71,51.88,1259900.0
2015-05-15,42.84,51.79,52.17,51.63,52.05,1453000.0
2015-05-18,43.1,52.1,52.17,51.77,51.77,1003200.0
2015-05-19,42.75,51.68,52.23,51.47,52.1,1267900.0
2015-05-20,42.76,51.69,51.89,51.46,51.82,903900.0
2015-05-21,42.78,51.71,51.78,51.5,51.56,848900.0
2015-05-22,42.62,51.52,51.73,51.49,51.55,699800.0
2015-05-26,42.15,50.95,51.44,50.79,51.3,1672900.0
2015-05-27,42.65,51.55,51.64,50.94,51.2,1072600.0
2015-05-28,42.67,51.58,51.61,51.23,51.33,1048000.0
2015-05-29,42.12,50.91,51.73,50.9,51.68,1678200.0
2015-06-01,42.12,50.91,51.21,50.48,51.11,1346900.0
2015-06-02,42.03,50.8,51.02,50.58,50.8,1548800.0
2015-06-03,42.29,51.12,51.26,50.77,51.04,1196800.0
2015-06-04,41.59,50.28,51.02,50.19,50.65,2188900.0
2015-06-05,41.71,50.42,50.71,50.12,50.55,1873300.0
2015-06-08,41.26,49.87,50.51,49.4,49.71,2531000.0
2015-06-09,41.08,49.66,50.12,49.58,50.0,2103900.0
2015-06-10,41.59,50.27,50.4,49.77,49.99,1852400.0
2015-06-11,41.72,50.43,50.55,50.23,50.44,1756900.0
2015-06-12,41.4,50.05,50.28,49.82,50.2,1658300.0
2015-06-15,41.15,49.74,49.98,49.34,49.53,1752700.0
2015-06-16,41.64,50.33,50.39,49.67,49.75,2571100.0
2015-06-17,42.03,50.8,51.11,50.38,50.57,2569400.0
2015-06-18,42.48,51.35,51.55,50.93,51.05,1899500.0
2015-06-19,42.55,51.44,51.44,50.99,51.18,4836700.0
2015-06-22,42.46,51.32,51.94,51.22,51.94,1839100.0
2015-06-23,42.32,51.16,51.45,51.08,51.37,1414300.0
2015-06-24,41.88,50.62,51.08,50.54,50.89,1559600.0
2015-06-25,41.62,50.31,50.74,50.15,50.66,2067100.0
2015-06-26,41.89,50.48,50.59,50.16,50.35,5572900.0
2015-06-29,40.57,48.89,49.86,48.87,49.81,1971200.0
2015-06-30,40.68,49.03,49.61,48.69,49.46,2420400.0
2015-07-01,40.93,49.33,49.96,48.96,49.96,1692300.0
2015-07-02,40.83,49.21,49.5,48.9,49.32,1386800.0
2015-07-06,40.52,48.84,49.04,47.59,48.49,1586600.0
2015-07-07,40.62,48.96,49.06,47.96,48.82,1976400.0
2015-07-08,39.8,47.97,48.67,47.91,48.45,2124100.0
2015-07-09,40.13,48.36,49.08,48.16,49.08,2161400.0
2015-07-10,40.47,48.78,49.32,48.62,49.32,1990300.0
2015-07-13,40.72,49.08,49.29,48.97,49.17,1756000.0
2015-07-14,40.56,48.88,49.05,48.71,48.98,1793000.0
2015-07-15,40.69,49.04,49.29,48.57,48.89,1763300.0
2015-07-16,41.18,49.63,49.64,49.39,49.43,1205900.0
2015-07-17,41.0,49.41,49.56,48.86,49.53,1085300.0
2015-07-20,40.72,49.08,49.58,49.0,49.46,1472400.0
2015-07-21,40.58,48.91,49.25,48.66,49.01,1093400.0
2015-07-22,40.23,48.49,48.98,48.43,48.83,2215200.0
2015-07-23,39.49,47.59,48.72,47.42,48.67,3598300.0
2015-07-24,38.5,46.4,47.48,46.3,47.39,4762000.0
2015-07-27,38.51,46.41,46.45,45.9,46.02,3046400.0
2015-07-28,38.6,46.52,47.03,46.39,46.9,2818200.0
2015-07-29,38.59,46.51,46.77,45.92,46.2,3100700.0
2015-07-30,38.3,46.16,46.48,45.9,46.35,3102400.0
2015-07-31,37.79,45.55,46.34,45.51,46.3,4240900.0
2015-08-03,37.71,45.45,45.72,45.12,45.46,3739600.0
2015-08-04,37.51,45.21,45.5,45.03,45.47,2798800.0
2015-08-05,37.5,45.19,45.71,45.15,45.63,2695900.0
2015-08-06,37.1,44.71,45.25,44.61,45.2,2587500.0
2015-08-07,36.78,44.33,44.76,44.04,44.68,2688000.0
2015-08-10,37.28,44.93,44.94,44.55,44.61,3513600.0
2015-08-11,36.47,43.95,44.47,43.74,44.47,2786900.0
2015-08-12,36.49,43.98,44.0,42.88,43.47,4151700.0
2015-08-13,36.15,43.57,44.02,43.52,43.91,2539300.0
2015-08-14,36.19,43.62,43.62,43.31,43.51,2592600.0
2015-08-17,36.31,43.76,43.86,43.33,43.57,2304200.0
2015-08-18,36.42,43.89,43.94,43.63,43.74,2844500.0
2015-08-19,35.9,43.27,43.69,42.94,43.58,4074500.0
2015-08-20,34.9,42.06,43.13,42.04,42.92,4846100.0
2015-08-21,34.0,40.98,42.25,40.95,41.64,7409400.0
2015-08-24,32.7,39.41,41.18,38.25,39.01,9177900.0
2015-08-25,32.24,38.85,41.03,38.79,40.94,10311800.0
2015-08-26,33.18,39.99,40.1,38.76,39.88,6650400.0
2015-08-27,34.06,41.05,41.08,40.16,40.3,4922400.0
2015-08-28,34.22,41.24,41.25,40.55,40.79,3994000.0
2015-08-31,33.67,40.58,41.15,40.56,40.8,4004400.0
2015-09-01,32.73,39.45,40.02,39.21,39.26,4017100.0
2015-09-02,32.79,39.52,40.08,39.12,40.08,3028700.0
2015-09-03,33.03,39.81,40.03,39.28,39.5,3676000.0
2015-09-04,32.37,39.01,39.38,38.85,39.19,3040200.0
2015-09-08,33.25,40.07,40.24,39.65,39.82,4111300.0
2015-09-09,32.91,39.66,40.99,39.57,40.79,4364800.0
2015-09-10,32.61,39.3,39.7,38.99,39.45,4758500.0
2015-09-11,32.71,39.42,39.43,38.99,39.14,2843700.0
2015-09-14,32.5,39.17,39.54,39.08,39.45,3315900.0
2015-09-15,32.73,39.45,39.62,39.11,39.23,3385100.0
2015-09-16,32.85,39.59,39.68,39.3,39.53,3855600.0
2015-09-17,32.8,39.53,40.1,39.29,39.64,5302600.0
2015-09-18,31.95,38.51,39.16,38.4,38.75,6373100.0
2015-09-21,32.07,38.65,38.86,38.31,38.82,3236700.0
2015-09-22,31.54,38.01,38.1,37.64,38.02,3966800.0
2015-09-23,31.15,37.54,38.2,37.46,38.1,3037700.0
2015-09-24,30.92,37.27,37.39,36.81,37.09,3161600.0
2015-09-25,31.0,37.36,38.44,37.19,37.62,2743500.0
2015-09-28,30.57,36.7,37.11,36.43,36.9,4436300.0
2015-09-29,30.29,36.36,37.03,36.15,36.71,4176300.0
2015-09-30,31.04,37.26,37.32,36.62,36.91,3748200.0
2015-10-01,30.89,37.08,37.46,36.69,37.09,4310700.0
2015-10-02,31.46,37.76,37.81,36.1,36.11,4050600.0
2015-10-05,32.22,38.67,38.98,38.01,38.09,3567300.0
2015-10-06,32.26,38.72,38.78,38.34,38.52,2486500.0
2015-10-07,32.51,39.02,39.66,38.73,38.92,4904700.0
2015-10-08,32.4,38.89,39.02,38.49,38.9,3464500.0
2015-10-09,32.37,38.85,39.27,38.42,38.47,5056000.0
2015-10-12,31.68,38.03,38.93,37.91,38.81,2626200.0
2015-10-13,31.24,37.5,38.3,37.43,37.75,4144400.0
2015-10-14,31.22,37.47,37.99,37.38,37.5,4143000.0
2015-10-15,31.5,37.81,37.87,37.38,37.63,4381900.0
2015-10-16,32.05,38.47,38.67,37.74,37.91,5645000.0
2015-10-19,31.78,38.15,38.4,38.07,38.27,3656700.0
2015-10-20,31.81,38.18,38.29,38.02,38.04,4357200.0
2015-10-21,31.61,37.94,38.37,37.88,38.25,5298100.0
2015-10-22,33.14,39.78,40.59,38.12,38.2,7159600.0
2015-10-23,33.47,40.18,40.3,39.42,40.14,5139200.0
2015-10-26,33.39,40.08,40.32,39.94,40.19,2889600.0
2015-10-27,32.8,39.37,39.99,39.27,39.84,3380800.0
2015-10-28,33.3,39.97,40.09,39.19,39.33,4907000.0
2015-10-29,33.42,40.11,40.3,39.59,39.93,3782000.0
2015-10-30,33.96,40.76,40.83,40.01,40.17,5739600.0
2015-11-02,34.28,41.15,41.37,40.68,40.85,3781000.0
2015-11-03,34.49,41.4,41.53,40.97,40.98,2185000.0
2015-11-04,34.26,41.13,41.59,41.06,41.54,1488400.0
2015-11-05,34.63,41.57,41.64,41.04,41.15,3006200.0
2015-11-06,34.04,40.86,42.03,40.7,41.76,4957400.0
2015-11-09,33.86,40.65,40.85,40.42,40.79,3802500.0
2015-11-10,33.99,40.8,40.85,40.33,40.6,2627400.0
2015-11-11,34.02,40.84,41.09,40.72,41.08,2826500.0
2015-11-12,33.66,40.41,40.82,40.32,40.44,3047900.0
2015-11-13,33.01,39.62,40.63,39.6,40.31,2820000.0
2015-11-16,33.74,40.5,40.51,39.39,39.51,2292600.0
2015-11-17,33.67,40.42,40.8,40.09,40.56,3035700.0
2015-11-18,34.51,41.42,41.5,39.85,40.6,2605800.0
2015-11-19,34.64,41.58,41.69,41.37,41.47,2132000.0
2015-11-20,34.44,41.34,42.0,41.17,41.71,1984400.0
2015-11-23,34.31,41.19,41.66,41.13,41.39,2895000.0
2015-11-24,34.4,41.29,41.55,40.11,40.73,2708400.0
2015-11-25,34.83,41.81,41.93,41.3,41.38,2071500.0
2015-11-27,34.64,41.58,41.91,41.34,41.8,788100.0
2015-11-30,34.92,41.92,42.0,41.61,41.68,2774200.0
2015-12-01,34.85,41.83,42.23,41.49,42.1,2896800.0
2015-12-02,34.18,41.03,41.88,40.87,41.83,2273900.0
2015-12-03,33.67,40.42,41.22,40.25,41.18,2810900.0
2015-12-04,34.27,41.14,41.24,40.39,40.52,3208300.0
2015-12-07,34.01,40.82,41.22,40.61,41.09,2586000.0
2015-12-08,32.76,39.32,40.09,39.23,39.9,4305900.0
2015-12-09,32.08,38.51,39.66,38.41,39.15,3830900.0
2015-12-10,32.05,38.47,39.04,38.36,38.51,2699800.0
2015-12-11,30.14,36.18,37.89,35.92,37.77,8029100.0
2015-12-14,29.26,35.12,36.26,34.62,36.06,9247300.0
2015-12-15,29.66,35.6,36.22,35.52,35.55,4626400.0
2015-12-16,30.12,36.16,36.23,35.29,35.97,3786800.0
2015-12-17,29.53,35.45,36.39,35.08,36.22,4842400.0
2015-12-18,29.16,35.0,35.28,34.79,35.22,10233300.0
2015-12-21,29.36,35.24,35.53,34.93,35.34,4330000.0
2015-12-22,29.84,35.82,35.94,34.93,35.11,6051500.0
2015-12-23,31.12,37.36,37.5,36.01,36.11,5262000.0
2015-12-24,30.95,36.97,37.56,36.8,37.17,1452700.0
2015-12-28,30.91,36.92,36.97,36.6,36.78,3014000.0
2015-12-29,31.31,37.4,37.54,37.07,37.15,2414300.0
2015-12-30,31.0,37.03,37.55,36.99,37.19,2354200.0
2015-12-31,30.82,36.82,37.26,36.69,36.78,2025900.0
2016-01-04,30.29,36.18,36.21,35.41,35.64,4389300.0
2016-01-05,30.24,36.12,36.43,35.7,36.28,3384500.0
2016-01-06,29.47,35.2,35.65,34.95,35.45,2744300.0
2016-01-07,28.52,34.07,34.96,33.9,34.36,5317900.0
2016-01-08,28.17,33.65,34.49,33.54,34.21,5394300.0
2016-01-11,28.04,33.5,34.0,32.96,33.66,5795600.0
2016-01-12,28.46,34.0,34.51,33.37,33.62,5371400.0
2016-01-13,27.61,32.98,34.38,32.94,34.21,5367100.0
2016-01-14,27.93,33.37,33.56,32.39,33.09,5260300.0
2016-01-15,27.3,32.61,32.81,31.97,32.34,5297700.0
2016-01-18,,,,,,
2016-01-19,27.67,33.05,33.54,32.57,33.17,5794800.0
2016-01-20,27.55,32.91,33.34,31.87,32.38,6159500.0
2016-01-21,27.8,33.21,34.34,32.82,32.98,4213800.0
2016-01-22,28.5,34.04,34.5,33.72,33.97,4569600.0
2016-01-25,27.23,32.53,34.0,32.49,33.79,4352200.0
2016-01-26,27.93,33.37,33.41,32.55,32.67,3870700.0
2016-01-27,27.8,33.21,34.21,32.92,33.26,4325200.0
2016-01-28,27.88,33.31,34.11,33.11,33.82,3656100.0
2016-01-29,29.01,34.66,34.66,33.51,33.7,5328800.0
2016-02-01,28.2,33.69,34.33,33.2,34.25,5590900.0
2016-02-02,26.99,32.24,33.09,32.2,33.09,7069100.0
2016-02-03,27.42,32.76,33.37,31.17,32.72,6163500.0
2016-02-04,28.29,33.79,33.89,32.02,32.29,5184100.0
2016-02-05,28.22,33.71,34.22,33.42,33.55,3813700.0
2016-02-08,27.17,32.46,33.24,32.02,33.22,6520800.0
2016-02-09,26.86,32.09,32.65,31.59,31.64,4843600.0
2016-02-10,27.16,32.45,33.42,32.43,32.5,3547000.0
2016-02-11,26.33,31.45,32.03,31.0,31.54,4846500.0
2016-02-12,27.06,32.32,32.72,31.6,32.08,5505600.0
2016-02-16,28.34,33.85,33.99,32.86,32.97,4159800.0
2016-02-17,28.68,34.26,34.62,34.12,34.28,3462000.0
2016-02-18,29.01,34.66,34.82,34.18,34.53,3564400.0
2016-02-19,28.53,34.08,34.59,33.78,34.43,3214200.0
2016-02-22,29.31,35.01,35.28,34.71,34.76,3029700.0
2016-02-23,29.25,34.94,35.39,34.7,34.98,3893100.0
2016-02-24,29.1,34.76,34.92,33.73,34.19,2963800.0
2016-02-25,29.91,35.73,35.83,34.46,34.77,4113500.0
2016-02-26,30.26,36.15,36.68,35.74,36.13,3697800.0
2016-02-29,30.01,35.85,36.67,35.83,36.05,3416600.0
2016-03-01,30.91,36.92,36.97,36.17,36.37,3088400.0
2016-03-02,31.27,37.35,37.37,36.38,36.78,3222300.0
2016-03-03,31.71,37.88,38.26,37.34,37.41,3297300.0
2016-03-04,32.2,38.47,38.8,37.81,37.81,3835600.0
2016-03-07,32.19,38.45,38.58,37.65,37.88,1987400.0
2016-03-08,31.81,38.0,38.39,37.67,38.06,1994000.0
2016-03-09,31.32,37.41,38.36,37.09,38.1,4197300.0
2016-03-10,30.77,36.76,37.7,35.97,37.48,4387600.0
2016-03-11,32.11,38.36,38.45,37.32,37.43,3157800.0
2016-03-14,31.89,38.09,38.33,37.76,38.17,2652500.0
2016-03-15,30.83,36.83,37.47,36.19,36.2,3533900.0
2016-03-16,31.45,37.57,37.72,36.46,36.58,3436100.0
2016-03-17,32.46,38.77,39.31,37.43,37.57,3922800.0
2016-03-18,32.72,39.09,39.49,38.43,38.97,5038900.0
2016-03-21,32.69,39.05,39.36,38.77,38.94,2226600.0
2016-03-22,32.69,39.05,39.25,38.44,38.74,2141300.0
2016-03-23,32.29,38.57,39.15,38.54,38.96,2794200.0
2016-03-24,31.89,38.09,38.13,37.67,38.06,2872200.0
2016-03-28,32.09,38.33,38.45,37.82,38.25,1848000.0
2016-03-29,32.89,39.1,39.16,37.63,37.86,3283300.0
2016-03-30,32.92,39.14,39.94,39.03,39.47,2888100.0
2016-03-31,32.84,39.05,39.33,38.94,39.11,2565600.0
2016-04-01,33.19,39.46,39.52,38.33,38.66,2554000.0
2016-04-04,32.63,38.8,39.57,38.69,39.57,1667100.0
2016-04-05,32.34,38.45,38.83,38.32,38.49,2297200.0
2016-04-06,32.36,38.48,38.89,37.99,38.32,3170700.0
2016-04-07,31.29,37.2,38.28,36.98,38.21,3243800.0
2016-04-08,31.32,37.24,37.75,37.12,37.41,3794800.0
2016-04-11,31.48,37.43,38.09,37.42,37.61,4069400.0
2016-04-12,31.94,37.97,38.32,37.05,37.52,6782400.0
2016-04-13,33.29,39.58,39.68,38.22,38.32,4035000.0
2016-04-14,33.54,39.88,40.2,39.59,39.66,2890900.0
2016-04-15,33.23,39.51,40.04,39.35,39.95,2133900.0
2016-04-18,33.35,39.65,39.85,39.21,39.42,2479200.0
2016-04-19,33.98,40.4,40.52,39.93,39.97,4764200.0
2016-04-20,34.47,40.98,41.18,40.34,40.57,3276300.0
2016-04-21,34.1,40.54,41.24,40.42,40.96,1722500.0
2016-04-22,34.21,40.67,40.99,40.44,40.47,1856900.0
2016-04-25,33.77,40.15,40.62,39.96,40.37,1971700.0
2016-04-26,33.79,40.18,40.39,39.85,40.3,2723300.0
2016-04-27,33.35,39.65,39.81,38.54,39.2,4508000.0
2016-04-28,32.09,38.15,39.21,37.99,39.16,4728600.0
2016-04-29,31.41,37.34,37.96,37.11,37.86,4244900.0
2016-05-02,31.74,37.74,37.88,36.89,37.37,3696900.0
2016-05-03,30.95,36.8,37.37,36.27,37.24,2616400.0
2016-05-04,30.3,36.03,36.77,35.8,36.37,2550100.0
2016-05-05,30.14,35.83,36.37,35.7,36.09,2633000.0
2016-05-06,30.36,36.1,36.17,35.38,35.49,2253400.0
2016-05-09,30.24,35.95,36.21,35.84,36.01,3312600.0
2016-05-10,30.73,36.54,36.59,36.03,36.22,1854700.0
2016-05-11,30.0,35.67,36.44,35.65,36.31,5034400.0
2016-05-12,30.14,35.84,36.25,35.53,35.93,5272800.0
2016-05-13,29.47,35.04,36.3,34.94,35.81,3796800.0
2016-05-16,29.65,35.25,35.55,35.05,35.15,2033100.0
2016-05-17,29.5,35.07,35.64,34.94,35.17,3035500.0
2016-05-18,29.95,35.61,35.77,34.88,34.96,4552900.0
2016-05-19,29.61,35.21,35.44,34.78,35.27,3699900.0
2016-05-20,29.91,35.56,35.9,35.42,35.46,1796900.0
2016-05-23,30.0,35.67,35.85,35.4,35.45,3101300.0
2016-05-24,30.76,36.57,36.68,35.87,35.92,2407600.0
2016-05-25,31.53,37.49,37.58,36.74,36.74,3896600.0
2016-05-26,31.14,37.03,37.62,37.0,37.45,1997800.0
2016-05-27,31.42,37.36,37.4,37.05,37.05,1768400.0
2016-05-31,31.41,37.35,37.64,37.07,37.56,3576200.0
2016-06-01,30.97,36.82,37.06,36.52,36.95,3582600.0
2016-06-02,30.09,35.78,36.03,35.44,35.96,5612100.0
2016-06-03,29.93,35.59,35.73,34.99,35.42,3194300.0
2016-06-06,30.11,35.8,36.25,35.48,35.64,3433600.0
2016-06-07,29.82,35.45,35.94,35.45,35.82,3221200.0
2016-06-08,29.65,35.25,35.71,35.17,35.44,1745500.0
2016-06-09,28.95,34.42,35.2,34.17,35.12,4774100.0
2016-06-10,28.42,33.79,33.93,33.55,33.91,3803500.0
2016-06-13,27.98,33.27,33.81,33.22,33.54,3509000.0
2016-06-14,27.68,32.91,33.46,32.81,33.12,3748400.0
2016-06-15,27.8,33.05,33.68,33.02,33.24,3928900.0
2016-06-16,27.8,33.05,33.13,32.2,32.67,3027900.0
2016-06-17,28.05,33.35,33.51,33.01,33.1,3796200.0
2016-06-20,28.39,33.76,34.4,33.74,33.98,3755100.0
2016-06-21,28.44,33.81,34.0,33.58,33.82,1896000.0
2016-06-22,28.38,33.74,34.04,33.63,33.8,4293600.0
2016-06-23,29.08,34.58,34.58,34.12,34.35,2051100.0
2016-06-24,26.96,32.05,33.03,32.01,32.24,5237600.0
2016-06-27,25.8,30.67,31.77,30.56,31.64,4423900.0
2016-06-28,26.24,31.02,31.22,30.59,31.03,6799000.0
2016-06-29,27.48,32.48,32.49,31.25,31.42,4994800.0
2016-06-30,28.23,33.37,33.39,32.26,32.51,4878200.0
2016-07-01,27.98,33.07,33.84,32.89,33.37,2843800.0
2016-07-05,27.33,32.3,32.66,32.02,32.6,2459500.0
2016-07-06,27.52,32.53,32.55,31.59,31.89,2986800.0
2016-07-07,27.58,32.6,33.07,32.31,32.5,3317900.0
2016-07-08,28.75,33.98,34.01,32.94,32.94,3337400.0
2016-07-11,28.72,33.95,34.31,33.6,34.03,2480700.0
2016-07-12,29.48,34.84,35.06,34.36,34.38,3052100.0
2016-07-13,29.16,34.47,35.01,34.21,34.88,2663700.0
2016-07-14,29.31,34.64,35.35,34.46,35.24,3371300.0
2016-07-15,29.35,34.69,35.01,34.37,34.68,2151300.0
2016-07-18,29.6,34.99,35.04,34.65,34.84,1738300.0
2016-07-19,29.26,34.58,34.94,34.52,34.76,2076200.0
2016-07-20,29.71,35.12,35.17,34.34,34.87,3778800.0
2016-07-21,29.62,35.01,35.37,34.95,35.04,1468700.0
2016-07-22,29.75,35.17,35.23,34.9,35.04,1243700.0
2016-07-25,29.32,34.66,35.22,34.61,35.1,2656500.0
2016-07-26,29.26,34.59,34.77,34.14,34.68,2837100.0
2016-07-27,29.48,34.85,35.11,34.41,34.6,3879100.0
2016-07-28,29.63,35.02,36.12,34.84,34.96,4134400.0
2016-07-29,30.62,36.19,36.24,34.6,34.91,5839200.0
2016-08-01,30.48,36.03,36.57,35.9,36.17,4552100.0
2016-08-02,29.67,35.07,36.16,34.83,35.83,3920500.0
2016-08-03,30.15,35.64,35.77,35.08,35.09,2985500.0
2016-08-04,29.93,35.38,35.8,35.25,35.73,3149300.0
2016-08-05,30.82,36.43,36.47,35.74,35.82,2980300.0
2016-08-08,30.82,36.43,36.92,36.36,36.52,3031500.0
2016-08-09,30.25,35.76,36.36,35.73,36.33,3208800.0
2016-08-10,30.08,35.56,35.95,35.5,35.86,1564400.0
2016-08-11,30.16,35.65,35.92,35.54,35.78,1387800.0
2016-08-12,30.06,35.53,35.59,35.25,35.4,2283100.0
2016-08-15,30.43,35.97,36.02,35.73,35.73,1780900.0
2016-08-16,30.5,36.05,36.23,35.71,35.81,2718700.0
2016-08-17,30.67,36.25,36.38,35.89,36.04,2244000.0
2016-08-18,30.96,36.6,36.6,36.17,36.18,1935400.0
2016-08-19,31.15,36.82,36.93,36.33,36.37,3173900.0
2016-08-22,30.88,36.5,36.81,36.42,36.7,2572200.0
2016-08-23,31.19,36.87,36.99,36.76,36.83,2591800.0
2016-08-24,30.63,36.21,36.9,36.17,36.9,2773200.0
2016-08-25,30.47,36.02,36.23,35.94,36.12,1781700.0
2016-08-26,30.59,36.16,36.56,35.99,36.21,2846200.0
2016-08-29,30.71,36.3,36.51,36.15,36.25,1621600.0
2016-08-30,30.87,36.49,36.69,36.24,36.32,2211800.0
2016-08-31,30.88,36.5,36.79,36.08,36.59,3387100.0
2016-09-01,30.34,35.86,36.77,35.64,36.62,2972800.0
2016-09-02,30.58,36.15,36.35,35.86,35.86,1709900.0
2016-09-06,30.56,36.12,36.23,35.77,36.13,2096900.0
2016-09-07,30.85,36.47,36.49,36.04,36.08,1852600.0
2016-09-08,31.03,36.68,36.83,36.18,36.38,2078900.0
2016-09-09,30.1,35.58,36.57,35.58,36.48,3129000.0
2016-09-12,30.82,36.43,36.53,35.21,35.3,3314600.0
2016-09-13,29.8,35.22,35.89,35.15,35.78,3025500.0
2016-09-14,29.77,35.19,35.62,34.96,35.29,2198700.0
2016-09-15,30.25,35.75,35.88,35.05,35.15,1624200.0
2016-09-16,29.7,35.1,35.46,34.86,35.42,4952400.0
2016-09-19,29.81,35.23,35.78,35.2,35.42,2308900.0
2016-09-20,29.6,34.99,35.69,34.99,35.69,2039600.0
2016-09-21,30.19,35.69,35.75,34.98,34.99,3118800.0
2016-09-22,30.51,36.06,36.87,35.87,36.02,2118400.0
2016-09-23,29.77,35.19,36.05,35.19,35.83,2595800.0
2016-09-26,29.19,34.5,35.12,34.41,34.81,2214900.0
2016-09-27,29.29,34.62,34.73,34.25,34.37,1513000.0
2016-09-28,29.71,34.94,34.97,34.37,34.59,1765700.0
2016-09-29,29.54,34.74,35.34,34.43,34.99,2993400.0
2016-09-30,30.25,35.57,35.77,34.82,35.09,3100200.0
2016-10-03,30.85,36.28,36.96,35.52,35.54,4804300.0
2016-10-04,30.42,35.77,36.42,35.7,36.36,2730000.0
2016-10-05,31.26,36.76,36.87,35.95,36.02,2987200.0
2016-10-06,30.79,36.2,36.83,36.14,36.63,2461000.0
2016-10-07,30.55,35.92,36.26,35.67,36.2,2015700.0
2016-10-10,30.94,36.38,36.57,36.16,36.21,1882300.0
2016-10-11,29.58,34.78,36.01,34.75,36.0,4079000.0
2016-10-12,29.55,34.75,35.16,34.48,34.76,2297500.0
2016-10-13,29.26,34.4,34.59,33.77,34.32,2805100.0
2016-10-14,28.99,34.09,34.87,34.09,34.84,2411300.0
2016-10-17,28.76,33.82,34.16,33.79,34.08,1845200.0
2016-10-18,29.11,34.23,34.42,33.88,34.38,2245900.0
2016-10-19,29.63,34.84,34.96,34.35,34.42,2632800.0
2016-10-20,29.41,34.58,34.98,34.44,34.69,2377500.0
2016-10-21,29.32,34.48,34.62,34.15,34.24,2186800.0
2016-10-24,29.54,34.73,34.95,34.55,34.78,1986200.0
2016-10-25,29.61,34.82,35.1,34.49,34.81,4253800.0
2016-10-26,29.85,35.1,35.49,33.79,34.69,6173200.0
2016-10-27,29.28,34.43,35.22,34.28,35.22,4041200.0
2016-10-28,29.08,34.19,34.8,33.87,34.54,3469400.0
2016-10-31,28.63,33.66,34.36,33.63,34.32,4064400.0
2016-11-01,28.66,33.7,34.15,33.15,33.89,3158400.0
2016-11-02,28.22,33.18,33.66,33.02,33.53,2816000.0
2016-11-03,28.45,33.45,33.59,33.22,33.24,2467700.0
2016-11-04,28.75,33.8,34.48,33.34,33.39,3155300.0
2016-11-07,29.28,34.43,34.63,34.09,34.34,3819800.0
2016-11-08,29.13,34.25,34.41,33.87,34.29,3210500.0
2016-11-09,32.73,38.49,39.19,34.75,34.75,14048200.0
2016-11-10,32.19,37.85,40.69,37.43,38.67,10882200.0
2016-11-11,31.65,37.22,37.85,36.88,37.45,6812200.0
2016-11-14,32.93,38.72,38.96,37.44,37.47,6056400.0
2016-11-15,33.09,38.91,38.98,38.18,38.5,4749200.0
2016-11-16,32.74,38.5,38.96,38.43,38.5,2691100.0
2016-11-17,33.03,38.84,39.11,38.17,38.5,3436500.0
2016-11-18,33.07,38.89,39.17,38.7,38.97,1756800.0
2016-11-21,33.43,39.31,39.4,38.92,39.35,1553000.0
2016-11-22,33.3,39.16,39.5,38.83,39.49,2040400.0
2016-11-23,33.4,39.27,39.4,38.67,38.98,2697600.0
2016-11-25,33.44,39.32,39.43,39.13,39.33,758600.0
2016-11-28,32.87,38.65,39.28,38.56,39.01,2452900.0
2016-11-29,32.91,38.7,39.06,38.54,38.77,1476200.0
2016-11-30,33.39,39.26,39.5,38.92,39.21,2512900.0
2016-12-01,33.64,39.56,39.86,39.22,39.48,2067000.0
2016-12-02,33.35,39.21,39.69,39.1,39.49,1586800.0
2016-12-05,33.81,39.76,39.96,39.36,39.53,3223300.0
2016-12-06,33.92,39.89,39.98,39.31,39.89,1917200.0
2016-12-07,34.55,40.62,40.66,39.78,39.87,2095000.0
2016-12-08,35.74,42.02,42.18,40.64,40.64,3916300.0
2016-12-09,34.88,41.01,41.99,40.96,41.78,3141700.0
2016-12-12,34.01,39.99,41.04,39.98,40.86,3229800.0
2016-12-13,34.01,39.99,40.57,39.59,40.29,3134800.0
2016-12-14,33.43,39.31,40.24,39.18,39.8,3158300.0
2016-12-15,33.56,39.46,40.05,39.11,39.47,1977000.0
2016-12-16,33.41,39.28,39.93,39.2,39.6,4152800.0
2016-12-19,33.82,39.77,39.8,38.93,39.55,4730000.0
2016-12-20,34.36,40.4,40.4,39.92,40.04,2845200.0
2016-12-21,34.37,40.41,40.49,39.9,40.34,2235800.0
2016-12-22,34.26,40.28,40.34,40.04,40.34,1831600.0
2016-12-23,34.43,40.48,40.57,40.04,40.32,1361600.0
2016-12-27,34.28,40.31,40.74,40.11,40.65,1069800.0
2016-12-28,33.73,39.47,40.36,39.46,40.22,1506600.0
2016-12-29,33.68,39.41,39.77,39.23,39.46,1243400.0
2016-12-30,33.83,39.58,40.37,39.32,39.66,1634900.0
2017-01-02,,,,,,
2017-01-03,34.56,40.44,40.76,39.91,40.24,2402100.0
2017-01-04,35.34,41.35,41.5,40.65,40.68,2880000.0
2017-01-05,34.81,40.73,41.31,40.22,41.0,1838400.0
2017-01-06,34.83,40.75,40.88,40.28,40.76,1614500.0
2017-01-09,34.45,40.31,40.7,40.14,40.7,2254100.0
2017-01-10,34.53,40.4,40.73,40.08,40.35,1619300.0
2017-01-11,34.83,40.75,40.77,40.05,40.2,1768300.0
2017-01-12,34.6,40.48,40.56,39.65,40.3,2584000.0
2017-01-13,34.62,40.5,40.92,40.36,40.62,1670000.0
2017-01-17,34.14,39.94,40.56,39.84,40.41,3346900.0
2017-01-18,34.2,40.01,40.04,39.51,39.91,1966500.0
2017-01-19,34.07,39.86,40.36,39.52,39.94,2215300.0
2017-01-20,34.71,40.61,40.62,39.99,40.06,2209600.0
2017-01-23,34.53,40.4,40.62,40.15,40.42,1732200.0
2017-01-24,35.18,41.16,41.34,40.46,40.66,1752300.0
2017-01-25,35.78,41.86,41.92,41.09,41.58,2622700.0
2017-01-26,34.85,40.77,41.89,40.57,41.72,3755000.0
2017-01-27,34.46,40.32,41.7,39.75,41.11,3586100.0
2017-01-30,34.33,40.17,40.25,39.46,40.25,2488200.0
2017-01-31,33.97,39.74,40.1,39.56,39.95,3950800.0
2017-02-01,34.18,39.99,40.61,39.7,40.09,2550000.0
2017-02-02,34.1,39.9,40.14,39.38,39.61,1665800.0
2017-02-03,34.45,40.31,40.45,40.08,40.42,3479000.0
2017-02-06,34.18,39.99,40.37,39.95,40.07,2065900.0
2017-02-07,34.2,40.01,40.27,39.79,40.19,1734700.0
2017-02-08,33.97,39.74,39.83,39.52,39.75,1757800.0
2017-02-09,34.6,40.48,40.56,39.74,39.74,4341900.0
2017-02-10,34.94,40.88,40.93,40.62,40.69,2771800.0
2017-02-13,35.48,41.51,41.65,40.98,41.12,1680800.0
2017-02-14,35.98,42.1,42.13,41.16,41.16,3669800.0
2017-02-15,36.51,42.72,42.83,42.06,42.28,2365100.0
2017-02-16,36.15,42.29,42.8,42.1,42.7,1941800.0
2017-02-17,36.35,42.53,42.54,41.97,42.1,2365900.0
2017-02-20,,,,,,
2017-02-21,36.78,43.03,43.25,42.71,42.71,2395900.0
2017-02-22,36.56,42.77,43.07,42.66,42.75,1842600.0
2017-02-23,36.7,42.94,42.98,42.52,42.9,1324200.0
2017-02-24,36.53,42.74,43.01,42.57,42.69,2864200.0
2017-02-27,37.07,43.37,43.41,42.75,42.79,1760400.0
2017-02-28,36.79,43.04,43.36,42.78,43.07,3171100.0
2017-03-01,37.13,43.44,44.1,43.24,43.98,2735500.0
2017-03-02,36.66,42.89,43.43,42.88,43.39,1834900.0
2017-03-03,36.48,42.68,43.09,42.41,43.01,2712500.0
2017-03-06,36.22,42.38,42.77,42.31,42.56,1728500.0
2017-03-07,36.22,42.38,42.58,42.12,42.41,1634100.0
2017-03-08,36.38,42.56,43.03,42.45,42.78,2384300.0
2017-03-09,36.26,42.42,42.95,42.31,42.74,1605400.0
2017-03-10,36.39,42.58,42.81,42.35,42.81,1288000.0
2017-03-13,36.38,42.57,42.83,42.46,42.68,1381700.0
2017-03-14,36.26,42.43,42.49,42.03,42.31,1693700.0
2017-03-15,36.74,42.99,43.07,42.74,42.78,1741900.0
2017-03-16,37.53,43.91,44.35,43.58,43.58,3164600.0
2017-03-17,36.09,42.22,43.51,42.06,43.41,5530300.0
2017-03-20,35.93,42.04,42.19,41.74,42.08,1735400.0
2017-03-21,35.34,41.35,42.41,40.97,42.34,3414700.0
2017-03-22,35.36,41.37,41.55,40.6,40.98,2302100.0
2017-03-23,35.44,41.46,41.91,41.2,41.24,1747800.0
2017-03-24,35.26,41.26,41.95,41.05,41.6,1994000.0
2017-03-27,35.12,41.09,41.18,40.38,40.52,2461500.0
2017-03-28,35.83,41.92,42.1,40.99,41.02,2371600.0
2017-03-29,35.56,41.41,41.68,41.21,41.6,1158200.0
2017-03-30,36.26,42.22,42.36,41.28,41.36,1508300.0
2017-03-31,36.19,42.14,42.44,41.85,41.95,1618400.0
2017-04-03,35.85,41.75,42.44,41.22,42.24,2106200.0
2017-04-04,35.7,41.57,41.87,41.4,41.49,1564500.0
2017-04-05,35.55,41.4,42.52,41.33,42.0,1594900.0
2017-04-06,36.03,41.96,42.05,41.1,41.45,1697000.0
2017-04-07,35.88,41.78,42.2,41.72,41.75,2518000.0
2017-04-10,36.1,42.04,42.23,41.7,41.76,1755200.0
2017-04-11,35.22,41.01,41.83,40.53,41.7,4021000.0
2017-04-12,35.05,40.81,41.36,40.54,41.0,3282000.0
2017-04-13,34.86,40.59,41.2,40.48,40.61,2282600.0
2017-04-17,35.53,41.37,41.41,40.72,40.85,2055600.0
2017-04-18,35.76,41.64,41.83,41.06,41.13,2356000.0
2017-04-19,35.39,41.21,42.04,41.16,41.83,2922900.0
2017-04-20,35.74,41.62,41.72,41.22,41.55,2065700.0
2017-04-21,35.22,41.01,41.68,40.9,41.59,2227500.0
2017-04-24,35.99,41.91,42.13,41.65,41.91,2438500.0
2017-04-25,36.1,42.04,42.24,41.92,42.2,1813000.0
2017-04-26,36.47,42.47,42.8,41.88,41.89,2761500.0
2017-04-27,36.31,42.28,42.69,41.75,42.63,2051000.0
2017-04-28,37.02,43.11,43.35,42.27,42.35,4427700.0
2017-05-01,36.71,42.75,43.44,42.72,43.27,3130500.0
2017-05-02,36.63,42.65,42.81,42.37,42.7,2202700.0
2017-05-03,36.7,42.73,42.77,42.42,42.49,1926400.0
2017-05-04,36.46,42.46,43.06,42.17,42.68,3080400.0
2017-05-05,36.73,42.77,42.77,42.35,42.62,1306000.0
2017-05-08,36.91,42.98,43.04,42.59,42.79,2014500.0
2017-05-09,37.3,43.43,43.61,42.98,42.98,2352700.0
2017-05-10,37.56,43.74,43.75,42.99,43.28,1987100.0
2017-05-11,37.2,43.32,43.72,43.25,43.53,2102400.0
2017-05-12,37.07,43.17,43.34,42.99,43.16,1226600.0
2017-05-15,37.43,43.58,43.66,43.26,43.36,1283300.0
2017-05-16,37.29,43.42,43.6,43.14,43.57,1632500.0
2017-05-17,36.11,42.05,43.42,41.85,43.42,2050700.0
2017-05-18,35.96,41.87,42.21,41.19,41.49,4859200.0
2017-05-19,36.1,42.04,42.27,41.8,41.94,2885300.0
2017-05-22,36.17,42.12,42.43,41.83,42.24,1729600.0
2017-05-23,35.55,41.4,42.0,41.24,41.98,3036000.0
2017-05-24,35.51,41.35,41.65,40.85,41.57,3629800.0
2017-05-25,35.81,41.7,41.94,41.43,41.7,2258900.0
2017-05-26,35.81,41.7,41.86,41.5,41.53,2092900.0
2017-05-30,35.73,41.61,41.74,41.41,41.54,2426300.0
2017-05-31,35.89,41.79,41.79,41.2,41.7,2892600.0
2017-06-01,36.71,42.75,42.9,41.7,42.0,2167500.0
2017-06-02,36.72,42.76,42.92,42.34,42.52,2954700.0
2017-06-05,36.76,42.81,43.1,42.68,42.78,1998900.0
2017-06-06,36.54,42.55,42.76,42.37,42.46,1561100.0
2017-06-07,36.51,42.51,42.76,42.33,42.73,1754700.0
2017-06-08,36.84,42.9,43.14,42.43,42.51,2187300.0
2017-06-09,37.51,43.68,43.76,43.04,43.04,2005400.0
2017-06-12,37.7,43.9,44.09,43.61,43.71,2431900.0
2017-06-13,37.91,44.14,44.31,43.96,44.0,2162000.0
2017-06-14,37.96,44.2,44.24,43.72,43.99,1852500.0
2017-06-15,38.22,44.5,44.7,43.63,43.75,2986000.0
2017-06-16,37.9,44.13,44.46,43.96,44.46,2976200.0
2017-06-19,38.51,44.84,45.21,44.28,44.34,2098700.0
2017-06-20,38.22,44.51,44.82,44.5,44.62,1789700.0
2017-06-21,38.01,44.26,44.76,44.11,44.76,1891900.0
2017-06-22,38.08,44.34,44.7,43.99,44.11,1641700.0
2017-06-23,37.77,43.98,44.5,43.83,44.48,3415200.0
2017-06-26,37.99,44.24,44.41,43.88,44.23,2183300.0
2017-06-27,38.18,44.46,44.71,44.29,44.41,1462200.0
2017-06-28,38.71,44.87,45.07,44.62,44.69,1844900.0
2017-06-29,38.43,44.55,45.6,44.28,45.36,1250300.0
2017-06-30,38.64,44.79,45.0,44.52,44.95,1544200.0
2017-07-03,38.88,45.07,45.43,45.01,45.12,1038200.0
2017-07-05,39.03,45.24,45.37,44.85,45.26,1290000.0
2017-07-06,38.75,44.92,45.51,44.89,45.07,1648300.0
2017-07-07,39.18,45.42,45.65,45.01,45.14,1312000.0
2017-07-10,39.29,45.54,45.79,45.19,45.19,1627800.0
2017-07-11,39.17,45.4,45.59,44.95,45.57,1526600.0
2017-07-12,39.67,45.98,46.39,45.44,45.53,3117200.0
2017-07-13,39.96,46.32,46.51,46.04,46.11,1654600.0
2017-07-14,39.92,46.27,46.61,46.04,46.1,2124200.0
2017-07-17,39.81,46.15,46.28,45.98,46.13,1754300.0
2017-07-18,39.89,46.24,46.3,45.89,45.94,1013400.0
2017-07-19,40.17,46.57,46.6,46.28,46.41,1093000.0
2017-07-20,40.38,46.81,47.05,46.52,46.6,2493300.0
2017-07-21,40.26,46.67,46.96,46.6,46.74,1072100.0
2017-07-24,40.25,46.66,46.73,46.26,46.26,1032600.0
2017-07-25,40.79,47.28,47.58,46.97,47.13,1365500.0
2017-07-26,40.74,47.22,47.65,47.12,47.31,2537400.0
2017-07-27,39.6,45.9,47.45,45.45,47.32,2767700.0
2017-07-28,38.55,44.69,45.83,44.3,45.77,2309800.0
2017-07-31,38.63,44.78,44.96,44.4,44.72,2966900.0
2017-08-01,38.58,44.72,45.08,44.54,45.0,2059400.0
2017-08-02,37.91,43.94,44.72,43.54,44.63,3146700.0
2017-08-03,37.81,43.83,44.05,43.62,43.92,1272700.0
2017-08-04,37.79,43.8,44.12,43.52,44.12,1693500.0
2017-08-07,37.6,43.59,43.9,43.5,43.82,1581700.0
2017-08-08,37.66,43.65,43.94,43.54,43.54,2163400.0
2017-08-09,37.6,43.59,43.71,43.28,43.28,1499700.0
2017-08-10,36.78,42.63,43.55,42.61,43.33,1940900.0
2017-08-11,36.88,42.75,43.1,42.63,42.66,1383700.0
2017-08-14,37.11,43.02,43.28,42.91,43.07,1250200.0
2017-08-15,37.0,42.89,43.28,42.67,43.1,1360700.0
2017-08-16,36.95,42.83,43.39,42.78,43.05,1223200.0
2017-08-17,36.28,42.06,42.91,42.06,42.7,1826600.0
2017-08-18,36.09,41.83,42.23,41.83,41.99,1796700.0
2017-08-21,36.03,41.77,41.94,41.62,41.76,1372400.0
2017-08-22,36.67,42.51,42.6,41.9,41.9,2398100.0
2017-08-23,36.53,42.35,42.78,42.21,42.26,1740800.0
2017-08-24,36.57,42.39,42.53,42.23,42.47,2014900.0
2017-08-25,36.81,42.67,42.83,42.56,42.63,2055200.0
2017-08-28,36.75,42.6,42.9,42.5,42.84,1480600.0
2017-08-29,36.58,42.4,42.48,41.93,42.12,965100.0
2017-08-30,36.76,42.61,42.69,42.33,42.45,1083800.0
2017-08-31,37.29,43.23,43.35,42.63,42.87,2089600.0
2017-09-01,37.44,43.4,43.57,43.18,43.27,943200.0
2017-09-05,36.0,41.73,43.18,41.71,43.01,3468100.0
2017-09-06,35.9,41.61,42.13,41.56,42.01,2621300.0
2017-09-07,35.49,41.14,41.74,40.95,41.68,1783600.0
2017-09-08,35.4,41.04,41.37,40.96,41.08,1662600.0
2017-09-11,36.0,41.73,41.92,41.49,41.5,2025500.0
2017-09-12,36.4,42.19,42.33,41.85,41.99,2791000.0
2017-09-13,36.22,41.99,42.17,41.48,42.17,2171900.0
2017-09-14,36.36,42.15,42.31,41.86,42.01,2146200.0
2017-09-15,36.65,42.48,42.62,42.0,42.11,4614000.0
2017-09-18,36.9,42.77,42.83,42.5,42.59,2419100.0
2017-09-19,36.97,42.85,43.04,42.7,42.79,2013300.0
2017-09-20,37.07,42.97,43.1,42.71,42.97,2461200.0
2017-09-21,36.73,42.58,43.0,42.44,42.88,1806000.0
2017-09-22,37.0,42.89,42.93,42.5,42.53,1154300.0
2017-09-25,37.45,43.41,43.48,42.78,42.78,2171400.0
2017-09-26,37.53,43.5,43.64,43.24,43.55,1816300.0
2017-09-27,38.37,44.48,44.78,43.92,43.94,4174200.0
2017-09-28,38.61,44.55,44.68,44.18,44.24,2166200.0
2017-09-29,38.57,44.51,44.67,44.38,44.42,2042800.0
2017-10-02,38.76,44.73,44.79,44.35,44.59,1507800.0
2017-10-03,38.8,44.77,44.86,44.41,44.65,1635600.0
2017-10-04,38.88,44.87,44.96,44.63,44.8,3465200.0
2017-10-05,38.79,44.76,45.1,44.76,45.0,3107200.0
2017-10-06,38.71,44.67,45.17,44.53,44.89,2620100.0
2017-10-09,38.74,44.71,44.93,44.64,44.89,1374800.0
2017-10-10,38.93,44.92,45.35,44.66,44.77,2355600.0
2017-10-11,38.93,44.93,45.04,44.66,45.0,3364000.0
2017-10-12,38.82,44.8,45.13,44.76,44.87,2136500.0
2017-10-13,38.68,44.64,45.1,44.64,44.76,1914000.0
2017-10-16,38.78,44.75,44.89,44.57,44.66,2360500.0
2017-10-17,38.47,44.39,44.89,44.29,44.76,1425000.0
2017-10-18,38.82,44.8,44.92,44.44,44.5,1420300.0
2017-10-19,38.88,44.87,44.98,44.52,44.52,1986400.0
2017-10-20,39.06,45.07,45.4,44.89,45.23,2007700.0
2017-10-23,38.6,44.54,45.4,44.54,45.04,2821800.0
2017-10-24,38.82,44.8,45.17,44.74,44.77,2593100.0
2017-10-25,38.26,44.15,44.74,43.72,44.74,3616300.0
2017-10-26,38.09,43.95,44.15,42.76,43.98,3197900.0
2017-10-27,37.16,42.88,43.95,42.82,43.76,2490900.0
2017-10-30,36.86,42.54,43.15,42.5,42.66,2493600.0
2017-10-31,36.51,42.13,42.58,42.12,42.55,2432300.0
2017-11-01,36.75,42.41,42.73,42.25,42.45,1759100.0
2017-11-02,37.29,43.03,43.29,42.31,42.34,1995800.0
2017-11-03,37.08,42.79,42.93,42.39,42.86,1900000.0
2017-11-06,36.91,42.59,42.88,42.58,42.74,1816300.0
2017-11-07,36.21,41.78,42.84,41.68,42.69,2309700.0
2017-11-08,36.3,41.89,41.99,41.36,41.72,3167300.0
2017-11-09,35.82,41.33,41.72,40.89,41.58,2921000.0
2017-11-10,35.64,41.13,41.45,41.01,41.29,1961200.0
2017-11-13,35.36,40.81,40.97,40.47,40.8,1799400.0
2017-11-14,35.38,40.83,40.86,40.55,40.55,2339900.0
2017-11-15,35.05,40.45,40.74,40.22,40.5,2766600.0
2017-11-16,35.14,40.55,40.91,40.31,40.61,2033000.0
2017-11-17,35.08,40.48,40.71,40.27,40.4,1829600.0
2017-11-20,35.32,40.76,41.0,40.45,40.58,2086600.0
2017-11-21,36.03,41.58,41.97,40.89,40.97,3961600.0
2017-11-22,35.88,41.4,41.91,41.29,41.66,2224800.0
2017-11-24,35.71,41.21,41.55,41.13,41.52,660500.0
2017-11-27,35.69,41.18,41.5,41.14,41.23,1814300.0
2017-11-28,36.54,42.17,42.23,41.05,41.24,2865200.0
2017-11-29,37.38,43.13,43.76,42.45,42.46,3005200.0
2017-11-30,37.57,43.35,43.92,43.23,43.33,3581500.0
2017-12-01,37.68,43.48,43.57,42.33,43.42,2921900.0
2017-12-04,38.67,44.62,44.71,44.01,44.09,2752900.0
2017-12-05,38.26,44.15,44.71,44.07,44.67,2239800.0
2017-12-06,38.38,44.29,44.9,43.91,43.96,2473500.0
2017-12-07,38.56,44.5,44.8,44.12,44.12,1544200.0
2017-12-08,38.71,44.67,44.78,44.25,44.78,1504800.0
2017-12-11,38.22,44.1,44.78,44.03,44.7,1642900.0
2017-12-12,38.26,44.15,44.31,43.95,44.15,1746700.0
2017-12-13,37.86,43.69,44.61,43.67,44.16,2671200.0
2017-12-14,37.32,43.07,43.97,43.07,43.89,2254300.0
2017-12-15,37.66,43.46,43.86,43.26,43.29,2928000.0
2017-12-18,37.83,43.65,43.98,43.54,43.85,1879400.0
2017-12-19,37.85,43.68,44.16,43.65,43.94,2699100.0
2017-12-20,37.86,43.69,44.13,43.48,44.04,2674900.0
2017-12-21,37.99,43.84,44.01,43.73,43.73,1730100.0
2017-12-22,38.25,43.91,44.03,43.66,43.89,966400.0
2017-12-26,37.96,43.57,44.11,43.49,43.97,941100.0
2017-12-27,37.83,43.43,43.66,43.32,43.58,1021700.0
2017-12-28,37.92,43.53,43.55,43.36,43.46,1415300.0
2017-12-29,37.75,43.33,43.73,43.33,43.73,1092800.0
2018-01-01,,,,,,
2018-01-02,37.68,43.25,43.77,43.07,43.77,2377900.0
2018-01-03,37.85,43.45,43.51,43.06,43.25,2033100.0
2018-01-04,37.72,43.3,44.04,43.25,43.68,2110500.0
2018-01-05,37.96,43.57,43.58,43.06,43.37,1973800.0
2018-01-08,38.26,43.92,44.04,43.37,43.51,2404400.0
2018-01-09,38.03,43.66,44.56,43.62,44.05,2258200.0
2018-01-10,37.69,43.27,43.92,43.24,43.75,4639500.0
2018-01-11,38.28,43.94,43.95,43.03,43.42,2530000.0
2018-01-12,38.79,44.53,44.67,44.12,44.17,1996200.0
2018-01-16,38.15,43.79,45.9,43.75,45.77,4716100.0
2018-01-17,39.11,44.9,45.19,44.05,44.11,3268900.0
2018-01-18,38.88,44.63,45.2,44.58,44.88,3033200.0
2018-01-19,39.11,44.89,45.04,44.73,44.76,2948000.0
2018-01-22,39.51,45.35,45.35,44.59,44.85,2339800.0
2018-01-23,39.65,45.51,45.64,45.15,45.25,2266600.0
2018-01-24,39.65,45.52,45.96,45.17,45.71,2306200.0
2018-01-25,39.34,45.16,45.73,44.9,45.58,2191000.0
2018-01-26,39.95,45.86,45.9,45.02,45.34,3239500.0
2018-01-29,39.31,45.12,45.87,45.06,45.7,2996000.0
2018-01-30,37.22,42.72,45.21,42.45,44.64,4830500.0
2018-01-31,36.95,42.41,42.92,42.23,42.92,6746900.0
2018-02-01,36.65,42.07,42.45,41.41,42.09,6795300.0
2018-02-02,35.61,40.88,41.97,40.67,41.58,3831600.0
2018-02-05,33.93,38.95,40.96,38.94,40.29,5026700.0
2018-02-06,34.6,39.72,39.83,37.01,37.68,5570500.0
2018-02-07,34.36,39.44,40.33,39.44,39.46,3689000.0
2018-02-08,33.1,38.0,39.56,37.99,39.41,4718000.0
2018-02-09,33.29,38.22,38.69,37.06,38.45,4443900.0
2018-02-12,33.83,38.83,39.35,38.48,38.6,3152400.0
2018-02-13,33.84,38.84,38.97,38.3,38.44,3141500.0
2018-02-14,34.68,39.81,39.87,38.51,38.66,3193400.0
2018-02-15,34.03,39.06,40.24,38.56,39.98,5113300.0
2018-02-16,34.06,39.1,39.53,38.77,38.86,4494600.0
2018-02-20,33.85,38.86,39.26,38.6,38.95,3351500.0
2018-02-21,34.04,39.07,39.85,38.86,39.11,3428100.0
2018-02-22,33.73,38.72,39.66,38.66,39.38,3469300.0
2018-02-23,34.24,39.31,39.32,38.64,38.88,3241900.0
2018-02-26,34.71,39.84,39.85,39.07,39.61,3368300.0
2018-02-27,34.11,39.16,40.1,39.16,39.72,3356100.0
2018-02-28,33.69,38.67,39.6,38.66,39.29,3681800.0
2018-03-01,33.42,38.36,38.98,38.1,38.73,4802700.0
2018-03-02,33.79,38.79,38.88,37.99,38.11,2746700.0
2018-03-05,34.31,39.38,39.53,38.31,38.4,3244000.0
2018-03-06,34.5,39.6,39.99,39.06,39.46,3372700.0
2018-03-07,34.24,39.31,39.53,38.82,39.2,2315800.0
2018-03-08,34.43,39.52,39.62,39.07,39.5,2212500.0
2018-03-09,35.25,40.46,40.56,39.49,39.78,4139000.0
2018-03-12,34.7,39.83,40.54,39.72,40.43,2956500.0
2018-03-13,34.34,39.42,40.1,39.29,40.09,2756400.0
2018-03-14,33.85,38.86,39.66,38.75,39.64,4673600.0
2018-03-15,33.68,38.66,39.0,38.4,38.88,4205900.0
2018-03-16,33.97,38.99,39.28,38.74,38.77,3801300.0
2018-03-19,33.31,38.24,39.08,37.85,38.88,2490400.0
2018-03-20,33.43,38.37,38.54,37.97,38.37,2546000.0
2018-03-21,33.7,38.69,39.24,38.36,38.37,2226100.0
2018-03-22,32.47,37.27,38.37,37.19,38.25,2704900.0
2018-03-23,31.93,36.65,37.59,36.57,37.5,4543800.0
2018-03-26,33.2,38.11,38.3,37.13,37.38,4080300.0
2018-03-27,32.76,37.61,38.46,37.4,38.14,4365700.0
2018-03-28,32.51,34.11,34.72,33.58,34.59,7007700.0
2018-03-29,33.05,34.68,34.9,34.27,34.35,5216000.0
2018-04-02,31.88,33.45,34.55,32.91,34.39,4279800.0
2018-04-03,32.37,33.97,34.24,33.36,33.83,4089600.0
2018-04-04,32.75,34.37,34.47,33.24,33.32,3119400.0
2018-04-05,32.45,34.05,34.46,33.82,34.3,2628300.0
2018-04-06,31.66,33.22,33.98,32.94,33.62,4056500.0
2018-04-09,31.52,33.07,33.71,32.94,32.94,2695600.0
2018-04-10,31.53,33.09,33.56,33.02,33.49,3254200.0
2018-04-11,30.95,32.48,32.88,32.41,32.66,4382200.0
2018-04-12,31.77,33.34,33.81,32.84,32.95,5515100.0
2018-04-13,31.59,33.15,33.83,33.0,33.62,3536100.0
2018-04-16,32.25,33.84,33.99,33.26,33.33,4681100.0
2018-04-17,32.37,33.97,34.06,33.53,33.96,4409400.0
2018-04-18,32.45,34.05,34.62,33.91,34.07,6075700.0
2018-04-19,32.56,34.17,34.32,33.81,34.05,3466500.0
2018-04-20,32.44,34.04,34.31,33.6,34.15,4904700.0
2018-04-23,32.06,33.64,34.05,33.44,34.02,3022500.0
2018-04-24,31.74,33.31,34.02,33.09,33.83,3703300.0
2018-04-25,32.0,33.58,33.89,33.17,33.19,3811900.0
2018-04-26,32.19,33.78,33.96,32.86,33.54,3790000.0
2018-04-27,32.67,34.28,34.44,33.67,33.83,4371600.0
2018-04-30,32.06,33.64,34.5,33.64,34.47,5613500.0
2018-05-01,31.48,33.03,33.8,32.74,33.59,4776000.0
2018-05-02,31.0,32.53,33.04,32.49,33.02,4036900.0
2018-05-03,30.83,32.35,32.46,31.67,32.38,3006500.0
2018-05-04,31.32,32.86,33.17,32.03,32.13,2348400.0
2018-05-07,31.92,33.49,33.54,32.74,32.95,4432900.0
2018-05-08,31.74,33.31,33.56,33.04,33.4,2675500.0
2018-05-09,31.12,32.66,33.3,32.19,33.28,5715400.0
2018-05-10,31.64,33.2,33.43,32.6,32.69,2688200.0
2018-05-11,31.7,33.26,33.46,33.09,33.3,2161000.0
2018-05-14,32.12,33.7,33.78,33.3,33.32,2193100.0
2018-05-15,31.98,33.56,33.79,33.14,33.14,2670900.0
2018-05-16,32.07,33.65,33.94,33.52,33.52,3285300.0
2018-05-17,32.44,34.04,34.31,33.51,33.68,2188200.0
2018-05-18,32.51,34.11,34.3,33.8,33.98,2750400.0
2018-05-21,32.88,34.5,34.62,34.25,34.28,3615000.0
2018-05-22,32.85,34.47,34.78,34.4,34.64,1986100.0
2018-05-23,32.28,33.87,34.26,33.62,34.19,1896900.0
2018-05-24,32.33,33.92,33.95,33.45,33.74,2254800.0
2018-05-25,32.43,34.03,34.09,33.66,33.74,1505500.0
2018-05-29,31.29,32.83,33.73,32.64,33.64,2594200.0
2018-05-30,32.11,33.69,33.8,33.07,33.11,1721500.0
2018-05-31,31.99,33.57,33.75,33.31,33.61,4902300.0
2018-06-01,32.52,34.12,34.36,33.94,33.98,2534800.0
2018-06-04,32.26,33.85,34.27,33.83,34.17,1636600.0
2018-06-05,32.19,33.78,33.85,33.3,33.76,1977500.0
2018-06-06,32.85,34.47,34.48,33.97,34.0,1829600.0
2018-06-07,32.67,34.28,34.86,34.2,34.61,2069600.0
2018-06-08,32.79,34.41,34.45,33.9,34.29,2244800.0
2018-06-11,32.69,34.3,34.71,34.29,34.5,2233100.0
2018-06-12,32.46,34.06,34.4,33.77,34.31,3173300.0
2018-06-13,31.78,33.35,34.34,33.28,34.07,5073800.0
2018-06-14,31.59,33.15,33.7,33.09,33.44,4434600.0
2018-06-15,32.36,33.96,33.97,32.93,33.0,7282300.0
2018-06-18,31.8,33.37,33.62,32.95,33.57,3259900.0
2018-06-19,31.84,33.41,33.52,32.95,33.0,2231400.0
2018-06-20,31.68,33.24,33.56,33.2,33.47,3709600.0
2018-06-21,31.39,32.94,33.28,32.84,33.17,2477200.0
2018-06-22,31.35,32.9,33.26,32.85,33.13,5656600.0
2018-06-25,31.19,32.73,32.88,32.3,32.74,4743200.0
2018-06-26,30.93,32.46,32.98,32.42,32.77,3295800.0
2018-06-27,30.59,32.1,32.73,32.09,32.51,3799400.0
2018-06-28,30.52,31.8,32.02,31.56,31.85,3299600.0
2018-06-29,30.76,32.05,32.57,32.02,32.07,5891400.0
2018-07-02,30.34,31.61,31.91,31.28,31.7,4297900.0
2018-07-03,30.22,31.48,32.02,31.39,31.83,1549400.0
2018-07-05,30.45,31.72,31.88,31.45,31.69,2225200.0
2018-07-06,30.5,31.78,31.93,31.52,31.65,2179300.0
2018-07-09,31.03,32.33,32.41,31.82,31.91,1859700.0
2018-07-10,31.19,32.49,32.53,32.05,32.31,2936900.0
2018-07-11,30.85,32.14,32.35,31.89,32.07,3867600.0
2018-07-12,31.22,32.53,32.56,31.91,32.37,6160600.0
2018-07-13,31.03,32.33,32.62,32.19,32.38,2601900.0
2018-07-16,30.81,32.1,32.4,31.97,32.32,2323500.0
2018-07-17,30.82,32.11,32.27,32.03,32.06,1668700.0
2018-07-18,31.26,32.57,32.61,32.2,32.2,2452400.0
2018-07-19,30.97,32.27,32.45,32.06,32.44,1707100.0
2018-07-20,30.7,31.98,32.21,31.92,32.14,1572700.0
2018-07-23,31.18,32.48,32.49,32.01,32.02,1818800.0
2018-07-24,31.29,32.6,32.9,32.5,32.64,1621700.0
2018-07-25,31.46,32.78,32.87,32.29,32.58,2486100.0
2018-07-26,31.42,32.73,32.97,32.69,32.86,2799600.0
2018-07-27,31.15,32.45,33.01,32.29,32.76,3819800.0
2018-07-30,32.93,34.31,34.66,32.39,32.39,5906500.0
2018-07-31,32.94,34.32,34.85,34.12,34.44,8939900.0
2018-08-01,31.15,32.45,34.48,32.44,34.41,4250100.0
2018-08-02,30.53,31.81,32.14,31.29,32.1,3747100.0
2018-08-03,31.0,32.3,32.43,31.84,31.84,2188100.0
2018-08-06,31.32,32.63,32.68,32.11,32.3,2748500.0
2018-08-07,31.74,33.07,33.34,32.7,32.73,2441000.0
2018-08-08,31.96,33.3,33.32,32.81,33.02,2619800.0
2018-08-09,31.57,32.89,33.22,32.77,33.16,2184100.0
2018-08-10,30.8,32.09,32.54,31.63,32.49,3064700.0
2018-08-13,30.75,32.04,32.24,31.7,32.09,1862300.0
2018-08-14,30.96,32.25,32.34,32.06,32.15,1584800.0
2018-08-15,30.87,32.16,32.26,31.72,31.95,1932100.0
2018-08-16,31.04,32.34,32.69,32.13,32.16,2048500.0
2018-08-17,31.41,32.72,32.87,32.23,32.23,3433700.0
2018-08-20,31.76,33.09,33.21,32.69,32.83,2001700.0
2018-08-21,31.84,33.17,33.34,32.99,33.04,1778300.0
2018-08-22,31.76,33.09,33.32,32.98,33.07,2494400.0
2018-08-23,31.23,32.54,33.18,32.51,33.11,1659800.0
2018-08-24,31.37,32.68,32.72,32.44,32.6,1549900.0
2018-08-27,31.96,33.3,33.58,32.9,32.9,2487900.0
2018-08-28,31.81,33.14,33.54,33.1,33.36,1887100.0
2018-08-29,31.92,33.26,33.37,32.83,33.06,1425600.0
2018-08-30,31.07,32.37,33.21,32.25,33.21,2747600.0
2018-08-31,30.47,31.74,32.24,31.52,32.2,5491900.0
2018-09-04,30.01,31.26,31.68,31.15,31.64,4430400.0
2018-09-05,30.16,31.42,31.83,31.06,31.15,6098700.0
2018-09-06,29.05,30.26,31.06,30.14,30.46,5256300.0
2018-09-07,28.93,30.14,30.31,29.95,30.18,3529800.0
2018-09-10,29.98,31.23,31.28,30.36,30.36,4857400.0
2018-09-11,29.87,31.12,31.5,30.62,30.92,5072500.0
2018-09-12,30.08,31.34,31.56,30.94,31.08,3616100.0
2018-09-13,30.07,31.33,31.69,31.12,31.59,2725500.0
2018-09-14,30.64,31.92,31.94,31.45,31.45,2372100.0
2018-09-17,30.54,31.82,32.01,31.62,31.95,2697200.0
2018-09-18,30.38,31.65,32.0,31.56,31.96,2553700.0
2018-09-19,31.16,32.46,32.52,31.66,31.81,4757300.0
2018-09-20,31.6,32.92,33.33,32.63,32.63,6612700.0
2018-09-21,31.5,32.82,33.35,32.69,32.97,8843900.0
2018-09-24,31.04,32.34,33.03,32.22,32.7,4260200.0
2018-09-25,30.36,31.63,32.4,31.58,32.4,3266400.0
2018-09-26,30.11,31.37,31.92,31.34,31.62,2333400.0
2018-09-27,30.0,31.03,31.38,30.94,31.38,3165600.0
2018-09-28,29.4,30.41,30.95,30.39,30.74,2811300.0
2018-10-01,29.48,30.49,30.64,30.23,30.47,3043700.0
2018-10-02,29.48,30.49,30.91,30.24,30.55,3969100.0
2018-10-03,29.32,30.32,30.91,30.29,30.66,5276300.0
2018-10-04,29.61,30.62,30.65,30.21,30.3,2542600.0
2018-10-05,29.52,30.53,30.98,30.35,30.64,2096700.0
2018-10-08,29.92,30.94,31.01,30.33,30.33,3071100.0
2018-10-09,29.55,30.56,30.88,30.3,30.8,2846600.0
2018-10-10,28.61,29.59,30.83,29.57,30.55,4568600.0
2018-10-11,27.6,28.54,29.69,28.52,29.48,5700900.0
2018-10-12,27.6,28.54,29.19,28.12,29.09,3701000.0
2018-10-15,27.99,28.95,29.26,28.39,28.54,3438400.0
2018-10-16,28.62,29.6,29.64,28.74,29.22,4208600.0
2018-10-17,28.9,29.89,30.12,29.41,29.49,3503300.0
2018-10-18,28.2,29.16,30.07,29.04,29.81,4308100.0
2018-10-19,28.78,29.76,29.91,29.0,29.16,3249400.0
2018-10-22,28.08,29.04,30.0,29.04,29.33,4026000.0
2018-10-23,27.89,28.84,29.14,28.22,28.55,5466600.0
2018-10-24,27.39,28.33,29.18,28.25,28.84,5721100.0
2018-10-25,28.37,29.34,30.11,28.22,28.66,7980000.0
2018-10-26,28.34,29.31,29.54,28.69,29.0,5586000.0
2018-10-29,28.65,29.63,30.91,29.28,29.71,4649600.0
2018-10-30,29.96,30.98,31.01,29.77,29.77,6576800.0
2018-10-31,29.49,30.5,31.27,30.48,31.19,6249900.0
2018-11-01,29.98,31.0,31.06,30.63,30.75,2911400.0
2018-11-02,29.69,30.7,31.4,30.45,31.26,2290700.0
2018-11-05,29.8,30.82,31.07,30.56,30.69,2268000.0
2018-11-06,30.2,31.23,31.24,30.77,30.83,1650600.0
2018-11-07,30.48,31.52,31.54,30.66,31.42,2201900.0
2018-11-08,30.59,31.64,31.84,31.3,31.3,2280200.0
2018-11-09,29.85,30.87,31.4,30.41,31.27,4202500.0
2018-11-12,29.94,30.96,31.32,30.79,30.79,2910400.0
2018-11-13,30.06,31.09,31.72,30.88,31.06,3235400.0
2018-11-14,29.79,30.81,31.27,30.33,31.21,2897700.0
2018-11-15,30.54,31.58,31.67,30.35,30.42,3914300.0
2018-11-16,30.87,31.93,32.0,31.23,31.33,3329300.0
2018-11-19,31.16,32.22,32.44,31.81,31.98,3638200.0
2018-11-20,30.83,31.88,32.08,31.54,31.96,4583900.0
2018-11-21,31.2,32.27,32.56,31.8,31.94,2845800.0
2018-11-23,31.5,32.58,32.88,31.96,32.02,1730700.0
2018-11-26,32.24,33.34,33.66,32.83,32.96,4653900.0
2018-11-27,32.29,33.39,33.44,33.0,33.25,2966300.0
2018-11-28,32.43,33.54,33.55,32.66,33.33,4245800.0
2018-11-29,32.39,33.5,33.66,33.23,33.27,3298700.0
2018-11-30,32.77,33.89,33.91,33.3,33.46,5921700.0
2018-12-03,33.14,34.27,34.65,33.97,34.35,5017000.0
2018-12-04,32.17,33.27,34.16,33.19,34.15,5349000.0
2018-12-05,,,,,,
2018-12-06,31.45,32.53,32.67,31.14,32.61,7148500.0
2018-12-07,31.17,32.24,33.2,32.1,32.48,4375000.0
2018-12-10,30.99,32.05,32.43,31.13,32.07,4830000.0
2018-12-11,30.5,31.54,32.64,31.32,32.51,5998800.0
2018-12-12,30.92,31.98,32.3,31.4,32.02,4364900.0
2018-12-13,30.86,31.91,32.11,31.35,32.01,4722400.0
2018-12-14,30.33,31.37,32.09,31.24,31.56,4235300.0
2018-12-17,29.48,30.49,31.81,29.84,31.39,7091600.0
2018-12-18,28.97,29.96,31.21,29.85,31.21,5540200.0
2018-12-19,28.13,29.09,30.22,28.9,29.91,6902400.0
2018-12-20,27.66,28.61,29.46,28.54,28.93,6417800.0
2018-12-21,27.46,28.4,29.45,28.31,28.6,8636500.0
2018-12-24,26.84,27.76,28.48,27.74,28.19,2198300.0
2018-12-26,27.98,28.94,28.94,27.34,27.87,3077300.0
2018-12-27,28.26,29.23,29.24,28.39,28.4,4214900.0
2018-12-28,28.46,29.17,29.61,28.91,29.14,2918700.0
2018-12-31,28.94,29.66,29.67,29.19,29.29,3175000.0
2019-01-02,29.12,29.85,30.06,29.21,29.36,2670300.0
2019-01-03,28.59,29.3,29.75,29.16,29.64,3306600.0
2019-01-04,29.52,30.26,30.32,29.56,29.75,2964000.0
2019-01-07,29.67,30.41,30.87,30.07,30.19,3055000.0
2019-01-08,29.84,30.59,30.82,30.05,30.4,2885700.0
2019-01-09,29.58,30.32,30.85,30.15,30.6,3435900.0
2019-01-10,29.73,30.47,30.62,30.05,30.13,3605500.0
2019-01-11,29.59,30.33,30.34,29.61,29.85,3491000.0
2019-01-14,29.6,30.34,30.69,29.9,29.99,2766500.0
2019-01-15,29.91,30.66,30.67,30.07,30.24,2530800.0
2019-01-16,30.23,30.99,31.24,30.71,30.82,2310200.0
2019-01-17,30.31,31.07,31.36,30.58,30.68,2610000.0
2019-01-18,30.77,31.54,31.88,31.1,31.3,3536100.0
2019-01-22,30.58,31.34,31.65,31.12,31.22,3715200.0
2019-01-23,30.3,31.06,31.45,30.77,31.43,2425200.0
2019-01-24,30.57,31.33,31.38,30.97,30.97,1821900.0
2019-01-25,30.82,31.59,31.91,31.53,31.57,2488800.0
2019-01-28,31.05,31.83,31.93,31.3,31.38,3017500.0
2019-01-29,30.43,31.19,31.93,31.19,31.8,3287700.0
2019-01-30,28.38,29.09,30.56,28.77,30.56,7381200.0
2019-01-31,28.89,29.61,29.9,28.59,28.79,7725000.0
2019-02-01,28.91,29.63,30.05,29.5,29.63,3007200.0
2019-02-04,29.37,30.1,30.12,29.61,29.65,2468400.0
2019-02-05,29.77,30.51,30.51,30.0,30.11,2618900.0
2019-02-06,29.59,30.33,30.62,30.23,30.37,2138600.0
2019-02-07,29.61,30.35,30.65,29.98,30.25,2564700.0
2019-02-08,29.29,30.02,30.32,29.49,30.22,1906200.0
2019-02-11,29.81,30.55,30.58,30.08,30.14,2450600.0
2019-02-12,30.39,31.15,31.4,30.78,30.86,3072000.0
2019-02-13,30.85,31.62,31.83,31.21,31.31,2975100.0
2019-02-14,30.9,31.67,31.8,31.04,31.38,2568000.0
2019-02-15,31.66,32.45,32.49,31.84,31.95,2665900.0
2019-02-19,31.54,32.33,32.41,32.12,32.25,2063200.0
2019-02-20,31.82,32.62,32.65,32.15,32.23,1666500.0
2019-02-21,31.45,32.24,32.66,32.14,32.59,1999800.0
2019-02-22,31.93,32.73,32.74,32.3,32.39,2124100.0
2019-02-25,31.69,32.48,32.99,32.42,32.98,2253700.0
2019-02-26,31.95,32.75,33.07,32.21,32.49,2183400.0
2019-02-27,31.97,32.77,33.05,32.47,32.7,2366500.0
2019-02-28,31.82,32.61,32.83,32.53,32.81,2711700.0
2019-03-01,31.87,32.67,33.23,32.64,32.87,4118600.0
2019-03-04,31.66,32.45,33.0,32.11,32.74,3306700.0
2019-03-05,31.43,32.22,32.45,32.07,32.42,2342600.0
2019-03-06,31.09,31.87,32.3,31.79,32.17,2393700.0
2019-03-07,30.48,31.24,31.83,31.1,31.81,1972700.0
2019-03-08,30.57,31.33,31.36,30.88,31.07,2710000.0
2019-03-11,31.36,32.14,32.15,31.54,31.56,2042300.0
2019-03-12,31.67,32.46,32.7,32.26,32.3,2324100.0
2019-03-13,31.97,32.77,32.84,32.37,32.6,3126800.0
2019-03-14,31.71,32.5,32.9,32.44,32.67,4463700.0
2019-03-15,32.51,33.32,33.35,32.43,32.43,7742000.0
2019-03-18,32.88,33.7,33.9,33.48,33.55,3078900.0
2019-03-19,32.77,33.59,34.15,33.44,33.85,2123400.0
2019-03-20,32.2,33.0,33.6,32.95,33.5,2888800.0
2019-03-21,32.37,33.18,33.37,32.57,32.88,2606700.0
2019-03-22,31.32,32.1,32.95,31.73,32.79,2817400.0
2019-03-25,31.14,31.92,32.33,31.64,32.05,1789800.0
2019-03-26,31.94,32.74,32.76,32.12,32.19,2586600.0
2019-03-27,32.02,32.82,33.07,32.56,32.84,3305000.0
2019-03-28,32.35,32.9,33.05,32.58,32.58,1543700.0
2019-03-29,32.59,33.14,33.39,33.02,33.1,2256700.0
2019-04-01,33.22,33.78,33.83,33.26,33.39,2060900.0
2019-04-02,33.41,33.97,34.24,33.83,33.87,2297600.0
2019-04-03,33.6,34.17,34.3,33.98,34.12,2207800.0
2019-04-04,33.87,34.44,34.48,34.19,34.24,1623500.0
2019-04-05,34.3,34.88,34.94,34.28,34.5,2474900.0
2019-04-08,34.67,35.25,35.26,34.8,34.92,2067900.0
2019-04-09,33.69,34.26,35.15,34.21,35.15,2917200.0
2019-04-10,34.4,34.98,34.99,34.3,34.3,2176500.0
2019-04-11,34.45,35.03,35.41,34.8,35.14,3348900.0
2019-04-12,34.87,35.46,35.65,35.12,35.49,3111500.0
2019-04-15,34.33,34.91,35.82,34.83,35.71,2834600.0
2019-04-16,34.96,35.55,35.55,34.94,35.12,2253700.0
2019-04-17,34.96,35.55,35.64,35.23,35.61,1884500.0
2019-04-18,34.71,35.3,35.6,35.22,35.52,1848200.0
2019-04-22,34.46,35.04,35.33,35.02,35.14,1800100.0
2019-04-23,34.86,35.45,35.55,34.82,35.0,2005500.0
2019-04-24,35.08,35.67,35.8,35.16,35.33,2479500.0
2019-04-25,34.85,35.44,35.76,35.24,35.62,2574500.0
2019-04-26,34.53,35.11,35.61,34.45,35.61,3660300.0
2019-04-29,33.61,34.18,35.0,34.03,35.0,3160600.0
2019-04-30,34.02,34.59,34.7,33.91,34.13,4406700.0
2019-05-01,33.48,34.04,34.66,34.02,34.62,2385800.0
2019-05-02,33.74,34.31,34.46,33.86,34.16,2633100.0
2019-05-03,34.08,34.65,34.74,34.12,34.46,2253900.0
2019-05-06,33.89,34.46,34.59,33.81,34.09,1865600.0
2019-05-07,33.03,33.59,34.25,33.3,34.01,3479400.0
2019-05-08,33.31,33.87,34.19,33.52,33.52,2639400.0
2019-05-09,33.17,33.73,33.76,33.08,33.45,2975300.0
2019-05-10,33.56,34.13,34.3,33.19,33.63,3545600.0
2019-05-13,32.18,32.72,33.53,32.62,33.42,4360000.0
2019-05-14,32.87,33.42,33.65,32.72,32.86,2287400.0
2019-05-15,32.79,33.34,33.52,33.0,33.07,2276600.0
2019-05-16,33.02,33.58,33.92,33.4,33.45,2577500.0
2019-05-17,32.67,33.22,33.77,33.11,33.21,1648800.0
2019-05-20,32.78,33.33,33.44,32.96,33.07,1576700.0
2019-05-21,33.17,33.73,33.74,33.43,33.47,2100100.0
2019-05-22,33.07,33.63,33.92,33.42,33.62,2160500.0
2019-05-23,32.61,33.16,33.31,32.69,33.29,2753500.0
2019-05-24,32.73,33.28,33.46,33.2,33.35,1639200.0
2019-05-28,32.13,32.67,33.49,32.64,33.21,3007700.0
2019-05-29,32.42,32.97,33.0,32.33,32.61,2841700.0
2019-05-30,32.38,32.93,33.43,32.85,33.04,2192900.0
2019-05-31,31.29,31.82,32.45,31.69,32.41,3740700.0
2019-06-03,31.61,32.14,32.44,31.51,31.79,2937800.0
2019-06-04,32.45,33.0,33.12,32.42,32.59,2717100.0
2019-06-05,32.46,33.01,33.23,32.7,33.04,3566300.0
2019-06-06,32.62,33.17,33.36,32.99,33.08,2684600.0
2019-06-07,33.08,33.64,33.65,33.22,33.31,2462500.0
2019-06-10,32.85,33.4,33.96,33.36,33.85,2780100.0
2019-06-11,32.82,33.37,33.79,33.19,33.5,2327200.0
2019-06-12,32.73,33.28,33.44,33.07,33.33,1728900.0
2019-06-13,32.82,33.37,33.5,33.3,33.44,1939100.0
2019-06-14,32.81,33.36,33.46,33.18,33.43,1701200.0
2019-06-17,32.32,32.86,33.42,32.84,33.35,1351400.0
2019-06-18,32.96,33.52,33.7,32.94,33.05,3147400.0
2019-06-19,33.32,33.88,34.0,33.46,33.63,4432300.0
2019-06-20,33.97,34.54,35.03,34.26,34.26,4968100.0
2019-06-21,33.67,34.24,34.55,34.2,34.51,4012900.0
2019-06-24,33.78,34.35,34.67,34.16,34.27,2683400.0
2019-06-25,33.22,33.78,34.41,33.78,34.4,2930200.0
2019-06-26,33.74,34.31,34.47,33.87,33.98,2563900.0
2019-06-27,34.41,34.72,34.76,34.12,34.32,2345000.0
2019-06-28,34.48,34.8,35.17,34.56,34.93,3854900.0
2019-07-01,34.68,35.0,35.22,34.68,35.06,2280100.0
2019-07-02,34.55,34.87,35.0,34.54,35.0,1974200.0
2019-07-03,34.93,35.25,35.42,35.0,35.08,1098900.0
2019-07-05,34.97,35.29,35.38,34.93,35.28,1408500.0
2019-07-08,34.64,34.96,35.39,34.81,35.1,2284900.0
2019-07-09,34.6,34.92,34.94,34.55,34.86,2266700.0
2019-07-10,34.46,34.78,35.2,34.6,34.89,3339600.0
2019-07-11,34.51,34.83,34.99,34.68,34.85,2093000.0
2019-07-12,34.87,35.19,35.3,34.97,35.0,2357500.0
2019-07-15,34.87,35.19,35.45,34.95,35.27,1901000.0
2019-07-16,35.0,35.32,35.42,35.01,35.35,2856900.0
2019-07-17,34.51,34.83,35.25,34.82,35.19,3088300.0
2019-07-18,35.13,35.45,35.47,34.67,34.81,2208600.0
2019-07-19,35.19,35.51,35.77,35.47,35.54,3831400.0
2019-07-22,34.51,34.83,35.49,34.26,35.48,3024000.0
2019-07-23,34.65,34.97,35.17,34.61,34.98,1923400.0
2019-07-24,34.73,35.05,35.19,34.66,34.79,1883700.0
2019-07-25,34.31,34.62,35.1,34.38,35.05,3070800.0
2019-07-26,34.64,34.96,35.01,34.55,34.69,2160300.0
2019-07-29,34.28,34.59,34.96,34.59,34.94,3904700.0
2019-07-30,33.52,33.83,34.2,33.47,33.99,4099800.0
2019-07-31,32.33,32.63,33.85,32.15,33.84,6398200.0
2019-08-01,31.22,31.51,32.49,31.22,32.46,5170700.0
2019-08-02,31.15,31.44,31.66,30.91,31.35,4484900.0
2019-08-05,30.25,30.53,31.18,30.32,30.78,3746700.0
2019-08-06,30.44,30.72,30.89,30.26,30.77,3264700.0
2019-08-07,30.04,30.32,30.46,29.88,30.13,3925000.0
2019-08-08,30.29,30.57,30.79,30.43,30.66,2097200.0
2019-08-09,29.05,29.32,30.41,28.79,30.23,4804200.0
2019-08-12,28.05,28.31,28.92,28.15,28.87,3803600.0
2019-08-13,28.27,28.53,28.97,28.26,28.44,5137000.0
2019-08-14,26.74,26.98,27.96,26.97,27.76,5485400.0
2019-08-15,26.76,27.01,27.69,26.85,27.25,4985400.0
2019-08-16,27.12,27.37,27.58,27.21,27.22,2405500.0
2019-08-19,27.04,27.29,27.87,27.26,27.72,3403800.0
2019-08-20,26.79,27.04,27.26,26.95,27.15,3665000.0
2019-08-21,26.79,27.04,27.34,27.0,27.34,2173200.0
2019-08-22,26.81,27.06,27.38,26.95,27.18,1906900.0
2019-08-23,25.89,26.13,27.04,26.01,26.91,3342700.0
2019-08-26,25.69,25.93,26.48,25.84,26.39,2870700.0
2019-08-27,25.71,25.95,26.4,25.79,26.05,3428800.0
2019-08-28,25.76,26.0,26.03,25.57,25.7,3201500.0
2019-08-29,26.11,26.35,26.55,26.06,26.34,2460500.0
2019-08-30,26.04,26.28,26.6,26.18,26.54,2215500.0
